kai,datetime,Tem,Sal,DO,Chl.a
HIU,2002-02-19 09:31:00,10.55,33.65,8.4,3.7
HIU,2002-02-19 10:39:00,9.75,33.37,8.9,3.8
HIU,2002-02-19 11:50:00,9.42,33.4,9.1,3
HIU,2002-02-19 14:34:00,10.91,33.64,8.3,3
HIU,2002-02-20 09:51:00,10.39,33.64,8.5,0.9
HIU,2002-02-20 10:58:00,10.24,33.42,8.8,0.1
HIU,2002-02-20 11:00:00,9.82,33.48,9.4,1
HIU,2002-02-20 12:42:00,10.2,33.6,8.8,0.8
HIU,2002-02-20 13:21:00,10.2,33.41,8.9,0.1
HIU,2002-02-20 14:07:00,9.63,33.18,9.1,0.1
HIU,2002-02-20 14:42:00,10.52,33.58,8.7,0.9
HIU,2002-02-20 15:12:00,9.44,33.13,9.1,0.1
HIU,2002-05-27 13:29:00,19.84,31.96,8.2,0.1
HIU,2002-05-27 14:16:00,21.9,32.01,8.3,0.1
HIU,2002-05-27 15:29:00,21.4,32.05,8.1,0.1
HIU,2002-05-28 09:26:00,21.25,32.37,8.1,1.4
HIU,2002-05-28 10:32:00,21.05,32.49,7.8,2.9
HIU,2002-05-28 11:40:00,22.25,32.24,8.2,2.6
HIU,2002-05-28 12:49:00,20.63,32.4,8,1.3
HIU,2002-05-29 08:55:00,17.64,33.0,7.8,2.1
HIU,2002-05-29 10:02:00,20.31,32.51,8,1.2
HIU,2002-05-29 11:09:00,19.57,32.6,8.1,2.3
HIU,2002-05-29 13:07:00,18.8,32.78,7.7,1.4
HIU,2002-08-26 10:25:00,27.23,32.4,6.8,0.1
HIU,2002-08-26 11:31:00,27.5,32.43,6.8,0.1
HIU,2002-08-26 13:16:00,28.75,32.21,7.6,0.1
HIU,2002-08-26 14:23:00,28.07,32.37,7.3,0.1
HIU,2002-08-27 09:24:00,27.68,32.33,7.1,4.8
HIU,2002-08-27 11:37:00,28.41,32.4,7.3,1
HIU,2002-08-27 12:44:00,28.21,32.64,7,1.1
HIU,2002-08-28 08:56:00,26.72,32.65,6.2,5.2
HIU,2002-08-28 10:05:00,27.39,32.63,6.5,1.8
HIU,2002-08-28 11:09:00,27.82,32.67,6.9,2
HIU,2002-08-28 13:04:00,27.33,32.68,7.1,3.5
HIU,2002-10-22 09:08:00,22.96,32.95,10,3.1
HIU,2002-10-22 10:19:00,23.0,32.87,6.2,1.4
HIU,2002-10-22 10:54:00,22.96,32.91,7.2,0.1
HIU,2002-10-22 11:33:00,23.2,32.89,5.8,1.3
HIU,2002-10-22 12:46:00,23.24,32.9,5.8,1.1
HIU,2002-10-22 13:28:00,23.36,32.86,7,0.1
HIU,2002-10-22 14:10:00,23.43,32.85,7,0.1
HIU,2002-10-22 15:16:00,23.38,32.79,7.1,0.1
HIU,2002-10-23 08:54:00,23.4,33.1,6,1.2
HIU,2002-10-23 10:00:00,23.01,32.98,6,1.7
HIU,2002-10-23 11:15:00,22.84,32.98,6,2.3
HIU,2002-10-23 13:11:00,23.24,33.07,5.9,1.8
HIU,2008-10-20 10:46:00,23.64,32.5,7.2,2.2
HIU,2008-10-20 13:27:00,23.95,32.6,7.1,0.7
HIU,2008-10-20 14:15:00,23.81,32.4,7.4,1.2
HIU,2008-10-20 15:29:00,24.27,32.5,7.1,0.8
HIU,2008-10-22 11:10:00,23.60,33.0,6.3,0.9
HIU,2008-10-22 11:56:00,23.47,33.0,6.3,0.8
HIU,2008-10-22 13:35:00,23.45,33.0,6.4,0.8
HIU,2008-10-23 09:16:00,23.23,32.6,6.9,0.7
HIU,2008-10-23 10:24:00,23.30,32.7,7.0,0.8
HIU,2008-10-23 11:36:00,23.35,32.6,6.7,0.7
HIU,2008-10-23 12:44:00,23.55,32.9,6.7,0.7
HIU,2008-10-23 13:54:00,23.28,32.9,7.1,0.9
HIU,2008-02-27 11:04:00,10.69,33.7,9.3,1.3
HIU,2008-02-27 11:47:00,10.28,33.7,9.3,1.7
HIU,2008-02-28 08:48:00,10.26,33.7,9.2,2.1
HIU,2008-02-28 09:48:00,9.85,33.6,9.4,3.8
HIU,2008-02-28 10:48:00,9.08,33.5,9.7,1.0
HIU,2008-02-28 11:45:00,9.97,33.7,9.4,2.0
HIU,2008-02-28 12:44:00,10.36,33.6,9.2,1.3
HIU,2008-02-28 13:48:00,10.19,33.7,9.5,1.1
HIU,2008-03-11 10:55:00,10.45,33.4,9.9,0.4
HIU,2008-03-11 13:28:00,10.59,33.5,10.2,0.5
HIU,2008-03-11 14:17:00,10.31,33.1,10.5,1.1
HIU,2008-03-11 15:30:00,10.29,33.1,10.6,0.9
HIU,2008-05-23 10:46:00,18.38,33.1,8.1,0.2
HIU,2008-05-23 13:27:00,18.05,33.1,8.3,1.1
HIU,2008-05-23 14:18:00,18.33,33.3,8.3,1.0
HIU,2008-05-23 15:31:00,18.07,33.0,8.7,0.9
HIU,2008-05-28 11:57:00,18.79,33.0,8.9,1.4
HIU,2008-05-28 12:58:00,19.80,33.0,8.5,1.1
HIU,2008-05-28 13:57:00,17.63,33.3,8.3,0.5
HIU,2008-05-29 09:35:00,18.08,33.3,7.9,0.9
HIU,2008-05-29 11:16:00,18.61,33.1,8.0,1.2
HIU,2008-05-29 11:57:00,19.48,33.1,7.9,0.5
HIU,2008-05-29 12:59:00,19.71,33.0,8.3,1.0
HIU,2008-08-20 10:48:00,26.06,33.1,7.0,1.1
HIU,2008-08-20 10:54:00,24.42,33.2,6.3,1.3
HIU,2008-08-20 11:37:00,25.18,33.1,6.9,2.4
HIU,2008-08-20 13:19:00,25.92,33.1,7.1,1.1
HIU,2008-08-20 13:26:00,27.41,33.0,7.0,0.9
HIU,2008-08-20 14:15:00,28.33,32.9,7.2,2.9
HIU,2008-08-20 15:28:00,29.21,32.9,7.2,1.9
HIU,2008-08-21 09:16:00,25.26,33.1,6.5,4.3
HIU,2008-08-21 10:14:00,27.03,33.1,6.7,1.5
HIU,2008-08-21 11:14:00,28.37,33.0,7.3,3.0
HIU,2008-08-21 12:17:00,26.57,33.1,6.8,0.6
HIU,2008-08-21 13:20:00,25.76,33.1,6.9,1.4
HIU,2009-10-21 10:34:00,22.58,32.65,8.7,1.4
HIU,2009-10-21 11:07:00,22.79,32.94,6.4,1.1
HIU,2009-10-21 11:48:00,22.83,32.76,6.9,1.5
HIU,2009-10-21 13:25:00,22.7,32.6,6.9,0.8
HIU,2009-10-21 13:29:00,22.57,32.46,8.6,0.3
HIU,2009-10-21 14:19:00,22.94,32.4,8.6,0.5
HIU,2009-10-21 15:31:00,22.89,32.41,8.7,0.9
HIU,2009-10-22 09:08:00,21.65,32.26,7.3,2
HIU,2009-10-22 10:13:00,22.54,32.49,6.7,1.1
HIU,2009-10-22 11:18:00,22.62,32.46,6.8,1
HIU,2009-10-22 12:25:00,22.55,32.64,6.9,0.8
HIU,2009-10-22 13:35:00,22.65,32.84,7.3,1.9
HIU,2009-03-04 11:19:00,11.33,33.48,8.7,0.9
HIU,2009-03-04 12:01:00,11.24,33.47,8.7,0.9
HIU,2009-03-04 13:37:00,10.87,33.48,8.9,1.5
HIU,2009-03-04 14:18:00,11.32,33.49,8.8,1.1
HIU,2009-03-05 09:05:00,11.15,33.24,9.4,1
HIU,2009-03-05 10:05:00,11.02,32.86,9.7,1.2
HIU,2009-03-05 11:05:00,10.88,33.22,9.6,1.5
HIU,2009-03-05 12:03:00,11.13,33.49,9,0.8
HIU,2009-05-25 10:53:00,18.51,33.09,7.7,0.2
HIU,2009-05-25 13:26:00,18.79,33.15,7.6,0.4
HIU,2009-05-25 14:15:00,19.71,33.19,7.5,0.3
HIU,2009-05-25 15:25:00,19.41,33.08,7.5,0.9
HIU,2009-05-27 12:16:00,19.03,33.48,7.9,0.3
HIU,2009-05-27 13:14:00,18.63,33.37,8.8,3.8
HIU,2009-05-27 14:14:00,20.29,33.39,8.5,1.3
HIU,2009-05-27 15:10:00,19.1,33.42,7.9,0.4
HIU,2009-05-28 09:18:00,16.88,33.58,8,0.9
HIU,2009-05-28 10:02:00,17.52,33.52,8,1
HIU,2009-05-28 10:42:00,18.79,33.54,7.9,0.4
HIU,2009-08-26 10:59:00,26.38,32.16,6.5,1.1
HIU,2009-08-26 11:41:00,26.62,32.2,6.7,0.7
HIU,2009-08-26 13:22:00,27.24,32.08,6.6,0.3
HIU,2009-08-27 09:15:00,26.46,32.09,6.9,1
HIU,2009-08-27 10:14:00,27.07,32.14,6.6,0.6
HIU,2009-08-27 11:14:00,27.92,31.77,6.9,1
HIU,2009-08-27 12:13:00,27.54,32.05,6.8,0.2
HIU,2009-08-27 13:13:00,26.7,32.22,6.9,0.7
HIU,2009-09-07 10:53:00,27.09,32.15,8.7,0.3
HIU,2009-09-07 13:55:00,27.45,32.15,9.3,0.3
HIU,2009-09-07 14:44:00,28.34,32,6.9,1.2
HIU,2009-09-07 15:58:00,27.48,32.04,6.6,0.4
HIU,2010-11-10 10:56:00,20.69,32.65,6.9,1.1
HIU,2010-11-10 11:38:00,20.2,32.56,7,1.4
HIU,2010-11-10 13:19:00,20.34,32.62,7.1,1.7
HIU,2010-11-11 09:10:00,19.55,32.61,7,1.4
HIU,2010-11-11 10:17:00,19.06,32.24,7.3,1.9
HIU,2010-11-11 11:30:00,19.16,32.33,7.3,2.1
HIU,2010-11-11 12:40:00,19.17,32.31,7.6,2.2
HIU,2010-11-11 13:52:00,19.97,32.55,7.1,1.5
HIU,2010-11-12 10:53:00,19.49,32.36,11.8,3.4
HIU,2010-11-12 12:11:00,19.06,32.23,12.2,2.4
HIU,2010-11-12 13:05:00,19.41,32.36,12.1,2
HIU,2010-11-12 14:34:00,18.61,32.09,10.2,3.2
HIU,2010-02-15 10:41:00,10.65,33.26,11.2,1.4
HIU,2010-02-15 13:08:00,10.74,33.32,11.9,2.4
HIU,2010-02-15 13:57:00,10.33,33.3,11.4,1.5
HIU,2010-02-15 15:11:00,10.03,33.07,11.5,0.3
HIU,2010-03-24 11:08:00,11.28,33.62,8.7,0.8
HIU,2010-03-24 11:51:00,10.99,33.55,9.1,0.8
HIU,2010-03-24 13:37:00,10.67,33.56,9,0.5
HIU,2010-03-25 09:09:00,11.02,33.48,9.6,1.3
HIU,2010-03-25 10:05:00,11.21,33.35,9.2,1.8
HIU,2010-03-25 11:02:00,10.95,33.41,9.5,2.2
HIU,2010-03-25 11:59:00,11.17,33.61,9.2,0.7
HIU,2010-03-25 12:54:00,10.88,33.54,9.2,1.1
HIU,2010-05-17 10:44:00,16.37,32.51,12.3,0.4
HIU,2010-05-17 13:09:00,16.15,32.56,12.2,2.1
HIU,2010-05-17 14:00:00,17.54,32.18,12.9,2.4
HIU,2010-05-17 15:13:00,17.91,32.26,12.5,1.6
HIU,2010-08-25 10:59:00,24.91,32.4,6.8,2.1
HIU,2010-08-25 11:41:00,27.03,32.17,7,1
HIU,2010-08-25 13:26:00,28.65,32.04,7.1,0.5
HIU,2010-08-26 09:14:00,28.62,32.02,6.6,0.4
HIU,2010-08-26 10:14:00,29.14,32.05,6.5,0.6
HIU,2010-08-26 11:21:00,30.47,31.91,6.8,0.7
HIU,2010-08-26 12:23:00,30.08,32,6.7,0.5
HIU,2010-08-26 13:23:00,28.67,32.01,7.3,0.4
HIU,2010-09-02 10:46:00,29.14,31.88,6.6,0.6
HIU,2010-09-02 11:56:00,28.45,31.82,7.7,1.5
HIU,2010-09-02 13:43:00,29.66,31.72,7.8,1.6
HIU,2010-09-02 14:52:00,29.6,31.73,7.7,0.6
HIU,2011-03-21 10:38:00,9.4,33.36,11.5,2.3
HIU,2011-03-21 11:52:00,9.54,33.4,11.4,1
HIU,2011-03-21 13:48:00,9.6,33.18,12,1.8
HIU,2011-03-21 15:01:00,8.92,33.16,11.6,2.6
HIU,2011-05-24 10:47:00,17.29,33.16,10.3,0.6
HIU,2011-05-24 13:03:00,16.87,33.27,10.5,0.5
HIU,2011-05-24 13:54:00,15.89,33.23,10.4,0.8
HIU,2011-05-24 15:10:00,15.86,33.41,10.2,0.5
HIU,2011-05-25 11:05:00,16.22,33.57,10.7,1
HIU,2011-05-25 11:52:00,16.82,33.44,10.9,0.8
HIU,2011-05-25 13:36:00,17.9,33.25,11.1,0.9
HIU,2011-05-25 14:40:00,17.7,33.3,11.3,0.6
HIU,2011-05-26 09:04:00,17.32,33.54,10,0.9
HIU,2011-05-26 10:08:00,17.52,33.2,10.1,2
HIU,2011-05-26 11:11:00,17.05,33.4,10,1.3
HIU,2011-05-26 12:11:00,17.57,33.24,9.9,0.8
HIU,2011-08-24 11:36:00,26.66,31.91,7.2,2.6
HIU,2011-08-24 12:23:00,27.22,31.89,8,1.6
HIU,2011-08-24 14:05:00,27.8,31.8,7.7,0.7
HIU,2011-08-25 09:17:00,27.42,31.66,8,1.3
HIU,2011-08-25 10:23:00,27.63,31.56,8.1,1.3
HIU,2011-08-25 12:08:00,28.08,31.39,8.2,1.1
HIU,2011-08-25 12:55:00,28.03,31.81,7.8,0.8
HIU,2011-08-25 13:58:00,27.05,31.91,7.8,2
HIU,2011-08-29 10:36:00,27.99,31.88,8.4,0.6
HIU,2011-08-29 11:50:00,28.43,31.75,8.2,0.7
HIU,2011-08-29 13:45:00,29.58,31.53,8.2,0.9
HIU,2011-08-29 14:59:00,29.92,31.41,8.3,0.5
HIU,2011-10-25 11:28:00,23.3,31.57,6.6,0.8
HIU,2011-10-25 12:20:00,22.94,30.92,6.7,1
HIU,2011-10-25 14:09:00,22.96,30.96,6.8,1.8
HIU,2011-10-26 08:43:00,22.42,31.12,7.2,4.5
HIU,2011-10-26 09:54:00,22.42,30.61,7.1,5.5
HIU,2011-10-26 11:02:00,22.62,30.75,6.7,1.9
HIU,2011-10-26 11:55:00,22.39,30.78,7.2,2
HIU,2011-10-26 12:49:00,22.3,30.65,7.1,2
HIU,2012-02-22 10:55:00,10.43,33.02,8.4,1.1
HIU,2012-02-22 11:40:00,9.99,32.89,8.6,1.4
HIU,2012-02-22 13:24:00,9.77,32.87,9.1,2.7
HIU,2012-02-23 08:57:00,10.18,32.94,8.8,4.4
HIU,2012-02-23 09:55:00,9.33,32.53,9.6,4.9
HIU,2012-02-23 11:41:00,9.04,32.59,9.6,2
HIU,2012-02-23 12:27:00,9.3,32.56,9.7,2.3
HIU,2012-02-23 13:32:00,9.85,32.72,8.8,1.5
HIU,2012-02-24 10:05:00,8.72,32.51,9.6,0.5
HIU,2012-02-24 11:12:00,9.59,32.85,9,1.7
HIU,2012-02-24 11:48:00,9.65,32.87,8.9,1
HIU,2012-02-24 14:14:00,9.04,32.3,9.6,0.5
HIU,2012-05-23 10:55:00,17.75,32.56,9.1,1.2
HIU,2012-05-23 10:56:00,15.62,32.93,8.4,0.8
HIU,2012-05-23 11:40:00,16.99,32.69,8.6,0.5
HIU,2012-05-23 13:10:00,17.86,32.6,9.1,1
HIU,2012-05-23 13:29:00,17.99,32.78,8.4,0.1
HIU,2012-05-23 13:55:00,19.14,32.57,9,0.5
HIU,2012-05-23 15:00:00,18.42,32.5,9.5,0.1
HIU,2012-05-24 08:45:00,18.08,32.45,8.6,0.8
HIU,2012-05-24 09:46:00,17.71,32.5,8.4,0.5
HIU,2012-05-24 11:32:00,18.49,32.1,8.5,1
HIU,2012-05-24 12:16:00,18.8,32.57,8.5,0.2
HIU,2012-05-24 13:25:00,17.36,32.57,8.6,0.1
HIU,2012-08-20 10:26:00,28.79,31.54,7.7,0.5
HIU,2012-08-20 11:38:00,29.13,31.59,7.6,0.9
HIU,2012-08-20 13:45:00,29.06,31.32,7.6,0.7
HIU,2012-08-20 14:57:00,29.23,31.2,8,2.1
HIU,2012-08-22 10:58:00,26.08,31.87,6.7,1.8
HIU,2012-08-22 11:51:00,27.84,31.65,6.5,2.2
HIU,2012-08-22 13:40:00,28.41,31.63,6.4,1.1
HIU,2012-08-23 08:43:00,28.15,31.5,6.5,1.6
HIU,2012-08-23 09:47:00,28.33,31.4,6.4,2.2
HIU,2012-08-23 11:37:00,28.49,31.45,6.4,0.6
HIU,2012-08-23 12:21:00,28.11,31.51,6.5,1.5
HIU,2012-08-23 13:24:00,27.71,31.48,6.5,2.4
HIU,2012-10-19 10:24:00,23.53,31.47,6.1,3.4
HIU,2012-10-19 11:28:00,23.64,31.44,6.2,2.2
HIU,2012-10-19 13:35:00,23.83,31.52,6.2,1.9
HIU,2012-10-19 14:38:00,23.87,31.38,6.2,1.7
HIU,2012-10-24 11:33:00,23.42,32.11,6.9,0.9
HIU,2012-10-24 12:22:00,23.3,31.89,6.9,0.8
HIU,2012-10-24 14:13:00,23.17,31.68,7,1.2
HIU,2012-10-25 09:39:00,22.44,31.78,7.1,1.7
HIU,2012-10-25 10:49:00,22.67,31.54,7,0.8
HIU,2012-10-25 12:38:00,22.84,31.59,7,2.4
HIU,2012-10-25 13:28:00,22.86,31.66,7,1.4
HIU,2012-10-25 14:36:00,23.18,31.81,7,0.2
HIU,2016-02-22 10:13:00,9.9,32.51,8.77,1.8
HIU,2016-02-22 11:20:00,10.37,32.67,8.93,3.4
HIU,2016-02-22 13:39:00,9.82,32.33,8.88,2.7
HIU,2016-02-22 14:40:00,9.72,32.19,9.06,2.2
HIU,2016-02-24 11:10:00,10.62,32.79,9.26,2.2
HIU,2016-02-24 11:53:00,10.58,32.78,9.64,1.9
HIU,2016-02-24 13:40:00,10.87,32.84,9.1,1.7
HIU,2016-02-24 14:23:00,11.32,32.99,8.78,1.1
HIU,2016-02-25 08:37:00,10.18,32.36,9.57,4.4
HIU,2016-02-25 09:35:00,10.17,32.56,9.43,1.7
HIU,2016-02-25 11:13:00,9.84,32.32,9.45,1.1
HIU,2016-02-25 11:55:00,10.44,32.73,9.66,1.6
HIU,2016-05-24 10:08:00,20.16,32.25,8.33,0.1
HIU,2016-05-24 11:14:00,20.6,32.41,8.23,0.1
HIU,2016-05-24 13:38:00,20.81,32.27,8.37,0.2
HIU,2016-05-25 10:30:00,16.89,32.9,8.5,0.8
HIU,2016-05-25 11:17:00,18.01,32.72,8.59,0.6
HIU,2016-05-25 13:00:00,19.6,32.55,8.43,0.5
HIU,2016-05-26 08:33:00,20.49,32.43,8.28,0.4
HIU,2016-05-26 09:35:00,20.06,32.46,8.36,1.2
HIU,2016-05-26 11:12:00,20.31,32.41,8.52,0.6
HIU,2016-05-26 11:58:00,20.81,32.36,8.61,0.4
HIU,2016-05-26 13:00:00,18.82,32.55,8.64,1
HIU,2016-08-24 10:15:00,28.3,31.69,6.83,0.2
HIU,2016-08-24 10:45:00,27.77,31.84,6.84,0.9
HIU,2016-08-24 11:19:00,28.92,31.69,6.75,0.1
HIU,2016-08-24 11:35:00,27.84,31.86,6.96,0.7
HIU,2016-08-24 13:20:00,28.8,31.73,6.88,0.7
HIU,2016-08-24 13:37:00,28.19,31.63,7.43,0.3
HIU,2016-08-24 14:39:00,27.95,31.67,7.32,0.2
HIU,2016-08-25 08:30:00,28.38,31.76,6.87,0.4
HIU,2016-08-25 09:38:00,27.53,31.83,6.52,1.6
HIU,2016-08-25 11:23:00,28.92,31.59,7.03,1.2
HIU,2016-08-25 12:05:00,28.95,31.79,6.99,1
HIU,2016-08-25 13:12:00,28.61,31.82,7.32,0.8
HIU,2016-10-26 10:20:00,23.01,30.96,6.47,0.4
HIU,2016-10-26 10:57:00,23.16,31.21,6.95,0.6
HIU,2016-10-26 11:24:00,23,30.91,6.62,0.6
HIU,2016-10-26 11:50:00,22.75,30.7,6.9,0.5
HIU,2016-10-26 13:39:00,23.29,30.68,6.84,2.2
HIU,2016-10-26 13:40:00,22.73,30.62,6.92,0.5
HIU,2016-10-26 14:25:00,23.15,30.82,6.89,0.6
HIU,2016-10-26 14:38:00,23.17,30.83,6.65,0.8
HIU,2016-10-26 15:42:00,23.13,30.81,6.85,1.2
HIU,2016-10-27 09:45:00,22.9,30.79,6.72,1.2
HIU,2016-10-27 11:40:00,22.96,30.82,6.59,0.5
HIU,2016-10-27 12:28:00,22.84,30.95,6.71,1.3
HIU,2018-02-14 10:08:00,8.64,33.08,9.46,2
HIU,2018-02-14 11:08:00,8.96,33.14,9.34,1.9
HIU,2018-02-14 13:29:00,9.11,33.16,9.23,1
HIU,2018-02-14 14:30:00,8.16,32.99,9.05,0.6
HIU,2018-02-19 10:28:00,9.93,33.25,9.53,2.3
HIU,2018-02-19 11:12:00,9.66,33.19,9.99,2.9
HIU,2018-02-19 12:54:00,9.56,33.19,10.21,2
HIU,2018-02-19 13:40:00,9.25,33.18,9.95,1.2
HIU,2018-02-20 08:42:00,9.74,33.27,9.89,2.6
HIU,2018-02-20 09:44:00,8.64,33.04,10.3,4.1
HIU,2018-02-20 11:25:00,7.86,32.9,9.71,0.5
HIU,2018-02-20 12:05:00,9.18,33.18,9.92,0.2
HIU,2018-05-16 10:26:00,15.23,33.03,8.5,0.6
HIU,2018-05-16 11:10:00,16.47,32.77,8.6,0.5
HIU,2018-05-16 12:56:00,17.31,32.55,8.45,0.2
HIU,2018-05-16 13:39:00,17.55,32.35,8.6,0.4
HIU,2018-05-17 08:46:00,18.87,31.38,9.76,2.4
HIU,2018-05-17 09:50:00,19.39,32.2,8.72,0.5
HIU,2018-05-17 11:30:00,19.48,32.14,8.9,0.5
HIU,2018-05-17 12:11:00,18.2,32.49,8.37,0.5
HIU,2018-05-24 10:04:00,16.98,32.65,8.62,0.8
HIU,2018-05-24 11:04:00,18.46,32.4,8.04,0.4
HIU,2018-05-24 13:28:00,19.56,32.18,8.32,0.6
HIU,2018-05-24 14:30:00,18.1,32.22,9.22,1.7
HIU,2018-08-27 10:06:00,28.36,30.93,6.88,0.4
HIU,2018-08-27 11:07:00,28.78,31.03,6.66,0.2
HIU,2018-08-27 13:28:00,28.65,30.94,7.56,0.2
HIU,2018-08-27 14:28:00,29.24,30.77,7.33,0.1
HIU,2000-10-16 10:50:00,23.77,31.6,6.8,0.7
HIU,2000-10-16 13:21:00,24.07,31.82,7.2,0.5
HIU,2000-10-16 14:02:00,24.19,31.72,7.3,1.1
HIU,2000-10-16 15:11:00,24.13,31.78,7.2,0.5
HIU,2000-10-24 09:30:00,22.34,32.86,6.4,5.4
HIU,2000-10-24 10:45:00,22.59,32.63,7,6
HIU,2000-10-24 12:00:00,22.95,32.87,6.7,2.7
HIU,2000-10-24 13:10:00,22.84,32.87,6.5,1.8
HIU,2000-10-25 08:55:00,22.75,33.18,6.3,1.7
HIU,2000-10-25 10:00:00,22.83,33,6.9,3.3
HIU,2000-10-25 11:20:00,22.72,32.97,6.7,0.8
HIU,2000-10-25 13:00:00,22.88,33.11,6.5,2.2
HIU,2000-05-17 10:47:00,17.18,32.77,8.2,0.7
HIU,2000-05-17 13:22:00,17.47,32.79,8.2,0.5
HIU,2000-05-17 14:09:00,17.94,32.74,8.2,2.7
HIU,2000-05-17 15:13:00,18.92,32.63,7.9,0.5
HIU,2000-05-23 09:30:00,16.1,33,8,1
HIU,2000-05-23 10:30:00,18,33,8.8,1.2
HIU,2000-05-23 11:40:00,18.2,32.9,9,0.6
HIU,2000-05-23 12:45:00,17.9,33,8.2,0.2
HIU,2000-05-24 08:55:00,15.9,33.2,9,1.8
HIU,2000-05-24 10:05:00,18.6,33,7.9,0.4
HIU,2000-05-24 11:15:00,18.3,33,7.9,0.5
HIU,2000-05-24 13:10:00,16.7,33.1,8.1,0.9
HIU,2000-08-22 09:30:00,28.92,32.78,7.2,1
HIU,2000-08-22 10:40:00,29.5,32.54,8.1,2.2
HIU,2000-08-22 11:55:00,27.82,32.63,8.1,1.6
HIU,2000-08-22 13:05:00,28.03,32.71,6.8,7.4
HIU,2000-08-23 08:55:00,27.17,32.82,7.1,3.8
HIU,2000-08-23 10:10:00,28.01,32.79,7.2,1.4
HIU,2000-08-23 10:49:00,28.26,32.74,6.4,0.1
HIU,2000-08-23 11:20:00,27.9,32.73,6.8,1.5
HIU,2000-08-23 13:15:00,28.21,32.91,7.1,0.9
HIU,2000-08-23 13:21:00,28.95,32.78,6.9,0.2
HIU,2000-08-23 14:06:00,29.24,32.76,6.9,0.3
HIU,2000-08-23 15:10:00,29.2,32.64,7.2,0.1
HIU,2001-10-22 10:38:00,22.45,30.43,6.3,0.2
HIU,2001-10-22 13:18:00,22.2,30.55,6.6,0.2
HIU,2001-10-22 14:07:00,22.19,30.35,6.6,0.1
HIU,2001-10-22 15:18:00,22.4,30.43,6.7,0.2
HIU,2001-10-23 09:29:00,21.93,32.29,6.3,1.9
HIU,2001-10-23 10:37:00,22.08,31.79,6.4,2
HIU,2001-10-23 11:47:00,22.09,32.12,6.9,1.5
HIU,2001-10-23 13:08:00,22.05,32.39,7.2,1.7
HIU,2001-10-24 08:57:00,22.42,32.72,6.1,1.1
HIU,2001-10-24 10:09:00,22.41,32.69,6.3,1
HIU,2001-10-24 11:22:00,21.92,32.37,6.7,1.1
HIU,2001-10-24 13:10:00,22.2,32.5,6.7,1.7
HIU,2001-02-20 09:25:00,10.51,33.52,8.4,2.8
HIU,2001-02-20 10:35:00,10.13,33.21,8.8,2.1
HIU,2001-02-20 11:45:00,9.83,33.15,8.9,0.8
HIU,2001-02-20 12:55:00,9.81,33.21,9.2,1
HIU,2001-02-21 08:50:00,10.77,33.56,8.4,1.2
HIU,2001-02-21 10:00:00,10.1,33.45,8.8,3.6
HIU,2001-02-21 11:10:00,10.21,33.48,8.9,2.9
HIU,2001-02-21 13:05:00,10.62,33.51,8.6,1.7
HIU,2001-05-23 10:50:00,17.63,32.94,7.9,0.1
HIU,2001-05-23 13:19:00,18.27,32.82,7.7,0.1
HIU,2001-05-23 14:04:00,18.36,32.3,7.9,0.1
HIU,2001-05-23 15:09:00,17.14,32.88,8.1,0.1
HIU,2001-05-29 09:33:00,18.12,33.14,8.1,1.3
HIU,2001-05-29 10:43:00,19.71,32.93,8.9,1.6
HIU,2001-05-29 11:53:00,19.42,33.07,7.9,1
HIU,2001-05-29 13:00:00,18.89,33.43,8.2,0.7
HIU,2001-05-30 08:58:00,16.81,33.53,8,1.1
HIU,2001-05-30 10:16:00,17.59,33.51,8.2,1.1
HIU,2001-05-30 11:25:00,18.49,33.35,8,0.9
HIU,2001-05-30 13:10:00,18.16,33.42,8.1,0.9
HIU,2001-08-27 11:11:00,26.74,32.96,7.1,0.1
HIU,2001-08-27 13:26:00,26.6,32.93,7,0.1
HIU,2001-08-27 14:13:00,27.51,31.09,8.2,0.1
HIU,2001-08-27 15:30:00,26.9,30.11,9.9,0.1
HIU,2003-10-21 09:25:00,21.79,31.4,8,2.4
HIU,2003-10-21 10:40:00,22.2,31.7,6.8,2.5
HIU,2003-10-21 11:58:00,22.33,31.79,6.5,1.8
HIU,2003-10-21 13:11:00,22.28,31.64,7.2,1.5
HIU,2003-10-22 08:57:00,22.54,32.27,6.4,1
HIU,2003-10-22 10:14:00,22.2,31.91,7,2
HIU,2003-10-22 11:34:00,22.2,31.89,7,3.2
HIU,2003-10-22 13:33:00,22.48,31.9,7.4,1.5
HIU,2003-02-25 09:35:00,10.19,33.58,9.1,2.5
HIU,2003-02-25 10:47:00,10.07,33.63,9.1,3.8
HIU,2003-02-25 12:00:00,10.03,33.53,9.6,2.6
HIU,2003-02-25 13:12:00,9.95,33.86,8.8,1.1
HIU,2003-02-26 08:59:00,10.39,33.95,8.6,0.8
HIU,2003-02-26 10:13:00,10.3,33.93,8.7,1.3
HIU,2003-02-26 11:25:00,10.1,33.88,8.8,1.5
HIU,2003-02-26 13:17:00,10.38,33.93,8.6,1.2
HIU,2003-05-21 09:25:00,17.4,32.46,9,1.4
HIU,2003-05-21 10:28:00,17.53,32.81,8.5,1.3
HIU,2003-05-21 11:37:00,19.12,32.56,8.8,0.8
HIU,2003-05-21 12:46:00,17.36,32.29,8.9,2
HIU,2003-05-22 08:58:00,15.51,33.2,7.8,1
HIU,2003-05-22 10:14:00,17.87,32.86,7.7,0.2
HIU,2003-05-22 11:20:00,18.2,32.52,8.3,0.6
HIU,2003-05-22 13:13:00,17.03,32.88,7.8,0.3
HIU,2003-08-26 09:29:00,28.49,31.17,7.9,0.6
HIU,2003-08-26 10:38:00,29.02,31.05,7.7,0.9
HIU,2003-08-26 11:51:00,29.21,31.04,8.2,2
HIU,2003-08-26 12:59:00,28.33,31.1,8.3,0.8
HIU,2003-08-27 08:56:00,24.78,31.91,6.2,0.8
HIU,2003-08-27 10:02:00,26.61,31.54,7,0.6
HIU,2003-08-27 11:12:00,27.66,31.32,7.6,0.4
HIU,2003-08-27 13:16:00,26.53,31.6,7.1,0.6
HIU,2004-02-24 10:33:00,10.68,33.24,8.9,4.7
HIU,2004-02-24 11:39:00,9.52,33.08,8.9,0.9
HIU,2004-02-24 12:47:00,10.91,33.42,8.9,0.5
HIU,2004-02-25 10:08:00,11.29,33.53,8.6,1.2
HIU,2004-02-25 11:13:00,10.87,33.42,9,1.2
HIU,2004-02-25 12:18:00,11.16,33.46,9,1
HIU,2004-02-25 14:29:00,11.2,33.45,9.2,1.7
HIU,2004-05-19 08:38:00,16.68,33.35,7.7,0.9
HIU,2004-05-19 09:48:00,18.33,32.94,7.8,0.3
HIU,2004-05-19 11:00:00,18.33,32.91,7.8,0.2
HIU,2004-05-19 12:57:00,17.34,33.17,7.8,1.1
HIU,2004-05-20 09:07:00,18.34,31.96,8.2,1.5
HIU,2004-05-20 10:15:00,18.26,32.45,8,2.8
HIU,2004-05-20 11:26:00,18.83,32.28,7.9,1.5
HIU,2004-05-20 12:36:00,17.89,32.31,8.3,1
HIU,2004-05-24 10:52:00,18.54,31.68,8.7,0.1
HIU,2004-05-24 13:25:00,19.32,31.71,8.7,0.1
HIU,2004-05-24 14:14:00,19.74,31.32,9,0.1
HIU,2004-05-24 15:26:00,19.99,31.6,8.6,0.1
HIU,2004-08-23 10:57:00,27.76,30.7,7,0.09
HIU,2004-08-23 13:25:00,28.11,30.73,8.4,0.03
HIU,2004-08-23 14:14:00,27.86,30.08,8.2,0.08
HIU,2004-08-23 15:26:00,28.08,30.5,8.3,0.07
HIU,2004-08-25 09:43:00,27.8,29.92,6.7,0.8
HIU,2004-08-25 10:54:00,28.26,30.3,6.5,1.8
HIU,2004-08-25 12:23:00,28.74,30.95,6.9,0.9
HIU,2004-08-26 08:49:00,28.26,31.06,6.1,2.3
HIU,2004-08-26 10:06:00,28.47,30.85,6.6,0.2
HIU,2004-08-26 11:21:00,28.01,30.8,6.6,0.3
HIU,2004-08-26 13:06:00,28.6,31.2,6.4,0.6
HIU,2005-10-24 10:43:00,21.95,32.36,8.4,0.1
HIU,2005-10-24 13:24:00,22.04,32.36,8.3,0.1
HIU,2005-10-24 14:12:00,22.36,32.42,7.5,0.1
HIU,2005-10-24 15:31:00,22.35,32.43,7.7,0.1
HIU,2005-10-25 09:39:00,22.06,32.74,7.2,4.7
HIU,2005-10-25 10:49:00,22.24,32.6,7.3,2.8
HIU,2005-10-25 12:04:00,22.41,32.51,7.2,2.9
HIU,2005-10-25 13:21:00,22.16,32.57,6.9,1.4
HIU,2005-10-26 09:00:00,22.73,32.77,6.6,3.1
HIU,2005-10-26 10:13:00,22.06,32.68,7,3.5
HIU,2005-10-26 11:22:00,21.94,32.55,7.3,6.4
HIU,2005-10-26 13:09:00,22.48,32.72,7.4,5.5
HIU,2005-02-03 08:08:00,12.07,32.62,8.9,0.4
HIU,2005-02-03 09:01:00,11.27,32.33,9,0.3
HIU,2005-02-03 09:46:00,10.99,32.26,9.4,0.6
HIU,2005-02-03 10:34:00,10.7,32.17,9.8,1
HIU,2005-02-03 11:20:00,11.02,32.42,9.6,0.7
HIU,2005-02-03 12:07:00,9.52,31.76,10,2.1
HIU,2005-02-03 13:23:00,10.31,32.14,10,2.6
HIU,2005-02-03 14:30:00,11.54,32.57,9.3,0.7
HIU,2005-02-24 10:48:00,9.33,32.08,12.5,0.1
HIU,2005-02-24 13:26:00,9.08,31.99,12.4,0.13
HIU,2005-02-24 14:15:00,9.44,32.11,12.2,0.21
HIU,2005-02-24 15:31:00,8.95,31.82,12.7,0.29
HIU,2005-05-16 10:49:00,17.17,32.24,8.1,0.1
HIU,2005-05-16 13:25:00,17.58,32.31,8.2,0.1
HIU,2005-05-16 14:12:00,18.43,32.13,8.4,0.1
HIU,2005-05-16 15:25:00,18.29,32.21,8.4,0.1
HIU,2005-05-24 09:28:00,17.47,32.46,8.3,1.2
HIU,2005-05-24 10:35:00,18.93,32.4,8.4,6.8
HIU,2005-05-24 11:45:00,18.57,32.42,8.2,0.5
HIU,2005-05-24 12:54:00,18.6,32.29,7.9,0.4
HIU,2005-05-25 08:58:00,18.53,32.33,8.1,1.1
HIU,2005-05-25 10:07:00,17.17,32.58,8,0.5
HIU,2005-05-25 11:15:00,18.57,32.44,8,0.2
HIU,2005-05-25 13:13:00,16.55,32.64,7.9,1.2
HIU,2005-08-23 09:27:00,25.04,32.7,6.4,2.2
HIU,2005-08-23 10:34:00,25.98,32.56,6.5,0.8
HIU,2005-08-23 11:43:00,27.34,32.29,6.6,0.4
HIU,2005-08-23 12:50:00,26.97,32.45,6.7,0.4
HIU,2005-08-24 08:59:00,24.34,32.83,6.5,2
HIU,2005-08-24 10:10:00,25.4,32.69,6.7,0.4
HIU,2005-08-24 11:17:00,25.29,32.75,6.8,0.7
HIU,2005-08-24 13:14:00,25.18,32.74,6.8,0.8
HIU,2006-10-18 11:36:00,23.83,31.59,6.5,1.3
HIU,2006-10-18 12:25:00,23.82,31.42,6.4,2.1
HIU,2006-10-19 09:07:00,23.42,31.24,7,5.1
HIU,2006-10-19 10:13:00,23.41,31.25,6.2,4.9
HIU,2006-10-19 11:21:00,23.7,31.25,6.5,2.4
HIU,2006-10-19 12:26:00,23.83,31.38,6.7,2.3
HIU,2006-10-19 13:30:00,24.03,31.41,7.1,3
HIU,2006-10-19 14:30:00,24.14,31.41,6.7,2.1
HIU,2006-10-20 11:07:00,23.57,30.88,6.4,0.1
HIU,2006-10-20 13:25:00,23.72,30.91,7.6,0.1
HIU,2006-10-20 14:14:00,23.61,30.8,7.7,0.1
HIU,2006-10-20 15:29:00,23.65,30.87,8,0.2
HIU,2006-02-21 10:45:00,9.83,33.48,10,0.2
HIU,2006-02-21 13:23:00,9.7,33.49,10.4,0.2
HIU,2006-02-21 14:30:00,8.72,33.19,10.5,0.1
HIU,2006-02-21 15:45:00,8.63,32.95,10.9,0.2
HIU,2006-05-15 10:58:00,15.73,32.45,8.8,0.1
HIU,2006-05-15 13:26:00,15.53,32.7,8.4,0.1
HIU,2006-05-15 14:16:00,16.7,32.56,9,0.2
HIU,2006-05-15 15:29:00,16.66,32.47,8.9,0.2
HIU,2006-05-18 09:12:00,15.34,32.94,8.7,2.3
HIU,2006-05-18 10:07:00,15.33,32.59,8.7,5.1
HIU,2006-05-18 11:11:00,16.1,32.81,9.1,2.6
HIU,2006-05-18 12:11:00,15.89,32.73,8.6,1.9
HIU,2006-05-18 13:10:00,15.76,32.69,8.6,3.1
HIU,2006-05-18 14:54:00,15.36,32.95,8.5,2.5
HIU,2006-05-18 15:54:00,15.37,32.97,8.8,2.3
HIU,2006-05-18 16:35:00,15.37,32.97,8.8,2.5
HIU,2006-08-23 10:59:00,28.38,31.31,6.9,0.1
HIU,2006-08-23 13:24:00,28.5,31.32,6.8,0.1
HIU,2006-08-23 14:13:00,28.69,31.17,6.8,0.1
HIU,2006-08-23 15:28:00,27.71,31.24,7.1,0.1
HIU,2006-08-28 11:37:00,25.38,31.91,6.1,1.8
HIU,2006-08-28 12:19:00,27.59,31.47,6.8,1.7
HIU,2006-08-29 09:14:00,28.43,31.28,6.6,1.6
HIU,2006-08-29 10:14:00,29.15,31.08,7,1.8
HIU,2006-08-29 11:17:00,29.45,31.43,6.9,0.6
HIU,2006-08-29 12:19:00,28.51,31.39,7.4,1.1
HIU,2006-08-29 13:21:00,28.47,31.34,7.4,0.7
HIU,2006-08-29 14:23:00,28.58,31.38,7.1,0.6
HIU,2007-10-15 11:03:00,24.67,32.59,7.1,2.3
HIU,2007-10-15 13:29:00,24.99,32.54,7.2,1.3
HIU,2007-10-15 14:21:00,25.15,32.42,7.5,2
HIU,2007-10-15 15:35:00,25.03,32.43,7.2,2.2
HIU,2007-10-17 11:12:00,24.29,33.05,6.4,3.2
HIU,2007-10-17 11:55:00,24.37,33,6.8,2.6
HIU,2007-10-17 13:31:00,24.17,32.92,6.9,2.7
HIU,2007-10-17 14:15:00,24.49,32.9,6.8,3.1
HIU,2007-10-18 09:16:00,23.51,32.42,7.5,1.8
HIU,2007-10-18 10:20:00,24.29,32.82,6.9,2.7
HIU,2007-10-18 11:28:00,24.32,32.71,7.3,1.9
HIU,2007-10-18 12:36:00,24.38,32.92,7.1,0.8
HIU,2007-02-13 11:27:00,12.22,33.03,8.7,1.4
HIU,2007-02-13 12:13:00,11.58,32.85,9.6,4.6
HIU,2007-02-13 13:54:00,11.69,32.86,9.8,4.7
HIU,2007-02-13 14:57:00,11.53,32.76,10.4,0.6
HIU,2007-02-14 09:00:00,12.05,32.99,9.5,4.8
HIU,2007-02-14 09:59:00,11.51,32.67,10.2,4.3
HIU,2007-02-14 11:02:00,10.55,32.52,9.8,0.7
HIU,2007-02-14 12:01:00,11.31,32.77,10.2,1.2
HIU,2007-03-09 12:05:00,11.12,32.5,9.5,0.1
HIU,2007-03-09 14:01:00,11.25,32.61,9.2,0.1
HIU,2007-05-16 11:15:00,16.6,32.2,8.4,0.5
HIU,2007-05-16 13:27:00,17.45,32.06,8.5,0.5
HIU,2007-05-16 14:15:00,18.31,31.84,8.4,1.1
HIU,2007-05-16 15:34:00,18.4,31.84,8.4,0.6
HIU,2007-05-23 11:10:00,16.39,33.43,8,1.1
HIU,2007-05-23 11:57:00,17.57,33.35,8.1,0.4
HIU,2007-05-23 13:32:00,18.1,33.4,8,0.1
HIU,2007-05-24 09:08:00,17.82,33.31,8.2,0.6
HIU,2007-05-24 10:10:00,18.25,33.2,8.5,1.2
HIU,2007-05-24 11:18:00,18.49,33.21,7.9,0.6
HIU,2007-05-24 12:19:00,19.18,33.24,9,0.6
HIU,2007-05-24 13:18:00,18.14,33.32,7.9,0.2
HIU,2007-08-21 11:09:00,28.25,32.31,6.6,0.5
HIU,2007-08-21 13:27:00,29.06,32.38,6.6,0.9
HIU,2007-08-21 14:14:00,29.66,32.27,6.9,2.3
HIU,2007-08-21 15:30:00,29.8,32.36,6.6,0.7
HIU,2007-08-22 11:07:00,28.82,32.43,6.9,0.3
HIU,2007-08-22 11:55:00,26.99,32.61,6.9,0.4
HIU,2007-08-22 13:35:00,29.09,32.54,6.7,0.2
HIU,2007-08-23 09:02:00,28.89,32.43,6.7,0.8
HIU,2007-08-23 10:07:00,29.22,32.5,6.5,0.6
HIU,2007-08-23 11:13:00,29.84,32.23,6.9,0.6
HIU,2007-08-23 12:14:00,28.48,32.5,6.4,0.5
HIU,2007-08-23 13:14:00,28.35,32.55,6.6,0.3
HIU,2013-10-30 11:51:00,22.24,31.64,6.5,1
HIU,2013-10-30 12:40:00,22.26,31.62,6.9,1.3
HIU,2013-10-30 13:35:00,21.96,31.4,7.4,1.8
HIU,2013-10-30 14:20:00,21.84,31.36,7.3,1.8
HIU,2013-10-31 08:36:00,21.84,31.36,7.3,2.5
HIU,2013-10-31 09:48:00,22.05,30.95,7.3,4.1
HIU,2013-10-31 10:10:00,21.38,31.17,7.4,2.6
HIU,2013-10-31 10:39:00,20.97,30.05,8.2,2.1
HIU,2013-10-31 11:15:00,21.41,30.8,7.5,1.6
HIU,2013-10-31 11:27:00,21.56,30.48,8,4.6
HIU,2013-10-31 13:35:00,20.48,28.94,9.3,8.5
HIU,2013-10-31 14:40:00,20.05,28.81,9.2,8.3
HIU,2013-02-18 10:26:00,9.17,32.8,10.1,1.7
HIU,2013-02-18 11:32:00,9.75,32.92,10,3.7
HIU,2013-02-18 13:37:00,9.3,32.57,10.5,1.4
HIU,2013-02-18 14:42:00,8.97,32.57,10.3,1.2
HIU,2013-02-20 11:41:00,10.51,32.97,8.9,0.4
HIU,2013-02-20 12:31:00,9.99,32.89,9,0.7
HIU,2013-02-20 14:21:00,10.05,32.87,9,1.2
HIU,2013-02-21 08:33:00,9.85,32.79,9,5.1
HIU,2013-02-21 09:34:00,9.27,32.31,9.2,2
HIU,2013-02-21 11:22:00,9.4,32.78,9.2,0.8
HIU,2013-02-21 12:04:00,9.53,32.83,9.1,1.5
HIU,2013-02-21 13:18:00,9.81,32.89,9.1,1
HIU,2013-05-27 10:21:00,19.57,32.75,8.5,0.8
HIU,2013-05-27 11:32:00,19.49,32.75,8.5,1
HIU,2013-05-27 13:48:00,19.1,32.7,9.1,1.3
HIU,2013-05-27 14:53:00,20.47,32.64,8.7,1.3
HIU,2013-05-29 11:02:00,17.42,32.99,8.4,0.9
HIU,2013-05-29 11:46:00,18.3,32.9,8.3,0.8
HIU,2013-05-29 13:37:00,18.77,32.87,8.4,0.7
HIU,2013-05-30 08:31:00,20.04,32.78,8.4,0.7
HIU,2013-05-30 09:33:00,18.26,32.82,8.5,1.6
HIU,2013-05-30 11:11:00,18.89,32.72,8.7,1.7
HIU,2013-05-30 11:52:00,19.3,32.8,8.4,1
HIU,2013-05-30 13:04:00,19.15,32.77,8.4,1.4
HIU,2013-08-21 11:01:00,24.96,32.66,7,1.3
HIU,2013-08-21 11:46:00,28.21,32.17,7.4,0.6
HIU,2013-08-21 13:30:00,29.85,32.08,7.1,0.2
HIU,2013-08-22 08:26:00,29.39,32.1,7.2,0.3
HIU,2013-08-22 09:26:00,29.73,32.09,7.1,0.7
HIU,2013-08-22 11:06:00,30.35,32.26,7,0.3
HIU,2013-08-22 11:49:00,29.8,32.06,7.4,0.4
HIU,2013-08-22 12:54:00,29.87,32.11,7.3,3.4
HIU,2013-08-26 10:25:00,26.47,32.14,6.7,1
HIU,2013-08-26 11:30:00,27.35,32.02,6.7,0.4
HIU,2013-08-26 13:35:00,28.49,31.71,6.4,0.2
HIU,2013-08-26 14:40:00,28.67,31.78,6.4,0.3
HIU,2014-08-22 10:16:00,27.994,31.132,10.751,2.9
HIU,2014-08-22 11:22:00,27.481,30.967,10.85,2.3
HIU,2014-08-22 13:38:00,27.283,30.997,9.629,2
HIU,2014-08-22 14:38:00,27.427,30.603,10.165,0.7
HIU,2014-10-24 10:06:00,22.029,30.709,6.873,1.2
HIU,2014-10-24 11:14:00,21.912,30.551,7.331,0.9
HIU,2014-10-24 13:35:00,22.533,30.606,7.753,2
HIU,2014-10-24 14:35:00,22.493,30.753,6.557,1
HIU,2014-10-29 10:57:00,21.874,31.421,6.56,1.2
HIU,2014-10-29 11:45:00,21.806,31.274,6.705,1.6
HIU,2014-10-29 13:33:00,21.937,31.156,6.834,2
HIU,2014-10-30 08:40:00,21.138,30.672,7.343,2.6
HIU,2014-10-30 09:49:00,21.568,30.906,6.665,2.2
HIU,2014-10-30 11:43:00,21.678,30.875,7.06,2.6
HIU,2014-10-30 12:50:00,21.693,30.742,7.082,2
HIU,2014-10-30 14:05:00,21.534,30.851,7.415,3.3
HIU,2014-02-19 11:44:00,9.747,33.054,9.766,1.7
HIU,2014-02-19 12:41:00,8.821,32.906,9.985,1.1
HIU,2014-02-19 13:32:00,9.341,33.022,9.992,1.1
HIU,2014-02-19 14:12:00,8.823,32.833,10.177,1.1
HIU,2014-02-19 14:54:00,9.934,33.086,9.506,1.6
HIU,2014-02-20 09:41:00,8.853,32.92,10.1,1.2
HIU,2014-02-20 11:21:00,8.869,32.908,9.866,0.9
HIU,2014-02-20 12:02:00,8.706,32.848,9.757,1
HIU,2014-02-28 10:15:00,8.86,32.799,9.006,0.4
HIU,2014-02-28 11:15:00,8.886,32.767,9.244,0.4
HIU,2014-02-28 13:35:00,9.758,32.881,9.768,0.2
HIU,2014-02-28 14:35:00,9.382,32.736,9.362,0.1
HIU,2014-05-23 10:30:00,17.087,32.794,8.733,0.6
HIU,2014-05-23 11:34:00,17.746,32.938,8.628,0.8
HIU,2014-05-23 13:40:00,19.668,32.57,9.043,1.2
HIU,2014-05-23 14:41:00,18.296,32.735,9.217,1
HIU,2014-05-28 11:24:00,16.333,33.082,8.54,1
HIU,2014-05-28 12:12:00,17.338,32.942,8.697,1.2
HIU,2014-05-28 13:57:00,18.291,32.916,8.849,1
HIU,2014-05-29 08:27:00,20.162,32.599,10.03,4.3
HIU,2014-05-29 09:31:00,19.473,32.767,9.075,2
HIU,2014-05-29 11:15:00,19.938,32.736,9.461,2.2
HIU,2014-05-29 11:55:00,19.707,32.727,9.019,1.5
HIU,2014-05-29 12:59:00,19.51,32.813,8.994,1.3
HIU,2014-08-27 11:05:00,25.285,31.782,6.45,1.4
HIU,2014-08-27 11:52:00,26.656,31.328,6.984,2.8
HIU,2014-08-27 14:14:00,27.717,31.037,8.904,3.8
HIU,2014-08-28 08:36:00,27.592,30.388,8.145,2.2
HIU,2014-08-28 09:35:00,27.327,30.643,7.986,3.3
HIU,2014-08-28 14:04:00,27.985,30.409,9.872,1.6
HIU,2014-08-28 14:45:00,27.174,31.05,8.112,1.5
HIU,2014-08-28 15:25:00,27.041,30.998,8.07,1.6
HIU,2015-10-28 10:20:00,21.96,32.386,6.677,0.8
HIU,2015-10-28 11:07:00,21.922,32.124,6.858,1.4
HIU,2015-10-28 12:50:00,21.951,32.056,6.919,1.5
HIU,2015-10-29 08:20:00,21.291,31.948,7.297,3
HIU,2015-10-29 09:30:00,21.608,31.935,7.017,1.9
HIU,2015-10-29 11:18:00,21.661,31.861,7.551,2.9
HIU,2015-10-29 12:10:00,21.386,31.824,7.379,4.3
HIU,2015-10-29 13:30:00,21.728,32.107,7.1,1.9
HIU,2015-02-23 10:18:00,9.515,32.599,9.581,2
HIU,2015-02-23 11:22:00,9.772,32.676,9.711,2.7
HIU,2015-02-23 13:41:00,8.853,32.161,9.634,1.7
HIU,2015-02-23 14:45:00,9.003,32.097,9.808,1.5
HIU,2015-03-04 10:58:00,10.468,32.991,9.249,1.8
HIU,2015-03-04 11:38:00,10.226,32.811,9.504,2.8
HIU,2015-03-04 13:22:00,10.109,32.777,9.724,3.4
HIU,2015-03-04 14:05:00,10.388,32.832,10.175,3.1
HIU,2015-03-05 09:28:00,9.806,32.427,9.611,4.6
HIU,2015-03-05 11:00:00,9.815,32.565,9.665,1.9
HIU,2015-03-05 11:38:00,9.685,32.613,9.638,1.3
HIU,2015-03-05 12:39:00,10.246,32.77,9.933,1.6
HIU,2015-05-28 10:26:00,21.043,32.061,9.497,0.4
HIU,2015-05-28 11:34:00,20.443,32.338,9.609,0.4
HIU,2015-05-28 13:39:00,21.603,32.157,9.898,0.8
HIU,2015-05-28 14:39:00,22.086,31.949,10.327,0.9
HIU,2015-06-02 10:40:00,17.28,32.814,8.414,1
HIU,2015-06-02 11:25:00,19.511,32.471,8.475,1
HIU,2015-08-26 10:42:00,26.106,32.013,6.652,0.7
HIU,2015-08-26 11:47:00,26.49,31.806,5.974,0.8
HIU,2015-08-26 13:36:00,25.93,31.785,5.825,1.1
HIU,2015-08-26 14:37:00,26.458,31.899,6.415,0.5
HIU,2015-09-02 11:00:00,25.341,32.022,7.208,2.6
HIU,2015-09-02 12:50:00,25.523,31.94,7.265,2
HIU,2015-09-02 14:00:00,24.395,32.313,6.544,1.4
HIU,2015-09-03 08:33:00,25.629,30.993,7.368,5
HIU,2015-09-03 09:32:00,25.814,31.541,7.261,3.3
HIU,2015-09-03 11:00:00,26.019,30.994,8.328,3
HIU,2015-09-03 11:45:00,26.175,31.798,7.378,1.3
HIU,2015-09-03 12:32:00,26.125,31.768,7.78,1.9
HIU,2017-10-24 09:57:00,21.57,31.87,6.7,1.2
HIU,2017-10-24 10:57:00,20.44,29.9,7.1,1.3
HIU,2017-10-24 13:21:00,21.53,30.49,7,1.4
HIU,2017-10-24 14:21:00,22.03,31.97,6.3,1.2
HIU,2017-10-25 11:00:00,21.84,32.01,6.7,0.5
HIU,2017-10-25 11:43:00,21.58,31.79,6.7,1.2
HIU,2017-10-25 12:43:00,21.44,31.79,6.8,0.8
HIU,2017-10-25 13:27:00,20.21,29.17,8,3.4
HIU,2017-10-25 14:23:00,21.39,30.65,7.2,1.5
HIU,2017-10-26 09:39:00,21.19,30.73,6.6,2.1
HIU,2017-10-26 10:31:00,20.66,30.97,7.7,3.6
HIU,2017-10-26 11:20:00,20.46,30.37,7.7,2.3
HIU,2017-02-21 10:26:00,11.06,32.83,8.8,2.1
HIU,2017-02-21 11:35:00,10.88,32.77,9.4,2.3
HIU,2017-02-21 13:42:00,9.88,32.28,9.2,2
HIU,2017-02-21 14:42:00,10.25,32.53,9,0.8
HIU,2017-02-27 10:50:00,11.17,32.92,9.3,1.1
HIU,2017-02-27 12:35:00,10.77,32.81,9.7,1
HIU,2017-02-27 13:42:00,11.59,33.04,9,2.3
HIU,2017-02-28 08:50:00,10.4,32.42,10,3.9
HIU,2017-02-28 09:47:00,10.76,32.72,10.1,4.3
HIU,2017-02-28 11:24:00,10.58,32.63,9.4,0.5
HIU,2017-02-28 12:05:00,10.58,32.79,9.9,1.2
HIU,2017-02-28 13:10:00,11.2,32.91,10,2.3
HIU,2017-05-22 10:23:00,19.36,32.79,8.6,1.3
HIU,2017-05-22 11:28:00,19.91,32.84,8.5,1.2
HIU,2017-05-22 13:36:00,20.84,32.45,9.6,2.7
HIU,2017-05-22 14:36:00,21.87,32.65,9.3,2.3
HIU,2017-05-29 10:32:00,17.34,33.01,8.2,1.4
HIU,2017-05-29 11:13:00,18.19,32.92,8.2,0.9
HIU,2017-05-29 12:55:00,20.15,32.6,8.6,1.3
HIU,2017-05-30 08:48:00,20.79,32.48,8.7,2.1
HIU,2017-05-30 09:53:00,21.4,32.62,8.6,1.4
HIU,2017-05-30 11:35:00,22.09,32.76,8.6,1.3
HIU,2017-05-30 12:16:00,20.27,32.71,8.8,1.3
HIU,2017-05-30 13:19:00,21.03,32.71,8.8,0.9
HIU,2017-08-23 10:33:00,26.3,32.71,6.3,1.7
HIU,2017-08-23 11:17:00,27.92,32.53,6.9,2.4
HIU,2017-08-23 13:04:00,29.03,32.41,7.3,0.9
HIU,2017-08-24 08:45:00,29.28,32.43,6.9,0.8
HIU,2017-08-24 09:49:00,29.32,32.44,6.9,0.5
HIU,2017-08-24 11:29:00,29.73,32.36,7.4,1.4
HIU,2017-08-24 12:14:00,29.05,32.26,7.7,1.2
HIU,2017-08-24 13:24:00,28.65,32.44,7.3,1.2
HIU,2017-08-25 10:04:00,28.97,32.09,7.5,1.7
HIU,2017-08-25 11:09:00,28.89,32.27,7.3,1.3
HIU,2017-08-25 13:33:00,30.57,32.35,7.6,2
HIU,2017-08-25 14:32:00,30.44,32.19,7.5,1
HIU,2019-10-30 10:07:00,22.52,31.88,6.52,0.8
HIU,2019-10-30 11:14:00,22.72,31.88,6.74,2.6
HIU,2019-10-30 13:24:00,22.78,31.85,6.72,1.2
HIU,2019-10-30 14:26:00,22.84,31.86,6.59,1.8
HIU,,21.14,31.95,7.4,4.1
HIU,,21.52,32.04,7.16,3.2
HIU,,22.3,32.32,6.6,0.6
HIU,,21.64,31.97,7.01,1.8
HIU,,22.06,32.22,6.71,0.7
HIU,,21.66,32.1,7.68,2.6
HIU,,22.14,32.19,6.96,1.2
HIU,,21.57,32.09,7.54,3.1
HIU,2019-02-20 10:20:00,11.53,32.87,8.96,0.5
HIU,2019-02-20 11:01:00,11.32,32.78,9.07,0.6
HIU,2019-02-20 12:48:00,11.05,32.69,9.43,1
HIU,2019-02-21 08:50:00,10.79,32.54,9.66,1.5
HIU,2019-02-21 09:52:00,10.64,32.33,9.82,1.2
HIU,2019-02-21 10:04:00,10.23,32.47,8.82,2
HIU,2019-02-21 10:56:00,10.7,32.48,9.72,0.4
HIU,2019-02-21 11:08:00,10.31,32.51,8.9,0.4
HIU,2019-02-21 11:56:00,10.33,32.51,9.52,0.3
HIU,2019-02-21 13:00:00,10.92,32.65,9.59,0.4
HIU,2019-02-21 13:28:00,10.7,32.43,9.09,0.3
HIU,2019-02-21 14:33:00,10.5,32.33,9.26,2.9
HIU,2019-05-22 09:54:00,18.6,32.4,8.21,1.4
HIU,2019-05-29 11:02:00,18.03,32.76,8.16,1
HIU,2019-05-29 11:49:00,18.92,32.63,8.24,0.6
HIU,2019-05-29 13:41:00,19.99,32.37,8.54,0.8
HIU,2019-05-30 08:45:00,20.09,32.45,8.57,0.7
HIU,2019-05-30 09:52:00,20.63,32.24,8.19,0.6
HIU,2019-05-30 11:00:00,20.91,32.35,8.69,0.8
HIU,2019-05-30 12:00:00,20.32,32.3,8.78,0.7
HIU,2019-05-30 13:04:00,19.92,32.45,8.31,0.7
HIU,2020-10-19 09:55:00,22.93,30.95,7.72,3.3
HIU,2020-10-19 11:00:00,23.26,30.83,6.93,2.9
HIU,2020-10-19 11:42:00,23.4,30.9,6.3,3.3
HIU,2020-10-19 14:03:00,23.27,30.82,7.28,2
HIU,2020-11-09 11:07:00,21.02,31.72,6.8,0.8
HIU,2020-11-09 11:53:00,20.92,31.47,7.05,1
HIU,2020-11-09 13:36:00,21.17,31.37,7.15,0.9
HIU,2020-11-10 09:09:00,19.81,30.99,7.05,2.8
HIU,2020-11-10 10:20:00,20.12,31.03,7.01,1.1
HIU,2020-11-10 12:06:00,20.02,30.95,7.36,1.8
HIU,2020-11-10 12:54:00,19.96,31.03,7.14,1.7
HIU,2020-11-10 14:09:00,20.07,31.23,7.24,1.6
HIU,2020-02-19 11:01:00,12.15,33.01,8.54,0.7
HIU,2020-02-19 11:47:00,11.73,32.92,8.72,1.2
HIU,2020-02-19 13:30:00,11.83,32.95,8.86,1.6
HIU,2020-02-20 08:46:00,11.78,32.97,8.77,1.9
HIU,2020-02-20 09:47:00,10.87,32.4,9.25,2.5
HIU,2020-02-20 10:50:00,10.54,32.59,9.24,2.6
HIU,2020-02-20 11:47:00,10.77,32.67,9.16,1.5
HIU,2020-02-20 12:48:00,11.76,32.91,8.88,1.1
HIU,2020-02-21 10:08:00,10.37,32.68,8.44,1
HIU,2020-02-21 11:10:00,11.3,32.89,8.38,1.1
HIU,2020-02-21 13:20:00,10.82,32.81,8.56,1.3
HIU,2020-02-21 14:23:00,10.35,32.59,8.67,2.3
HIU,2020-06-03 10:56:00,18.02,32.69,8.01,1.3
HIU,2020-06-03 11:45:00,19.27,32.3,8.19,1.6
HIU,2020-06-03 13:30:00,20.71,32.3,8.46,1.1
HIU,2020-06-04 08:54:00,20.77,32.35,8.3,1.7
HIU,2020-06-04 09:54:00,21.84,32.22,9.35,3.2
HIU,2020-06-04 11:31:00,21.89,32.18,8.7,1.5
HIU,2020-06-04 12:10:00,21.28,32.05,8.39,1
HIU,2020-06-04 13:11:00,20.33,32.15,8.43,2
HIU,2020-06-08 09:55:00,21.54,32.2,7.95,0.5
HIU,2020-06-08 10:57:00,22.08,32.2,8.21,0.4
HIU,2020-06-08 11:36:00,23.78,32.29,8.19,0.8
HIU,2020-06-08 14:03:00,22.58,32.18,8.35,0.6
HIU,2020-08-19 11:08:00,25.32,31.36,6.26,1.1
HIU,2020-08-19 11:54:00,27.53,30.91,7.47,1.6
HIU,2020-08-19 13:53:00,31.08,30.48,7.97,0.4
HIU,2020-08-20 08:56:00,30.68,30.43,7.93,0.5
HIU,2020-08-20 09:55:00,29.94,30.51,8.28,1.2
HIU,2020-08-20 11:49:00,31.53,30.41,8.06,0.3
HIU,2020-08-20 12:29:00,29.49,30.52,8.49,0.8
HIU,2020-08-20 13:30:00,29.09,30.75,7.93,0.6
HIU,2020-08-26 09:58:00,28.62,30.66,5.75,1.7
HIU,2020-08-26 10:59:00,29.08,30.65,6.91,1.3
HIU,2020-08-26 11:38:00,29.72,30.45,7.54,0.7
HIU,2020-08-26 14:04:00,30.33,30.6,7.47,1
HIU,2021-10-20 10:42:00,24.356,31.426,6.305,1.8
HIU,2021-10-20 11:30:00,24.447,30.846,6.618,2.2
HIU,2021-10-20 13:16:00,24.684,30.722,6.602,2.5
HIU,2021-10-21 08:56:00,23.671,30.586,6.916,4.2
HIU,2021-10-21 10:11:00,23.96,30.57,6.641,4.1
HIU,2021-10-21 12:04:00,24.151,30.467,6.565,3.5
HIU,2021-10-21 12:53:00,23.94,30.537,7.086,3.7
HIU,2021-10-21 14:09:00,23.916,30.585,7.249,3.3
HIU,2021-02-24 11:00:00,11.346,32.969,9.405,2
HIU,2021-02-24 11:49:00,10.649,32.695,9.693,3
HIU,2021-02-24 13:36:00,10.849,32.728,9.982,1.4
HIU,2021-02-25 08:56:00,11.126,32.857,9.919,3
HIU,2021-02-25 09:58:00,10.748,32.749,9.792,2.7
HIU,2021-02-25 10:09:00,10.871,32.799,8.846,1.8
HIU,2021-02-25 11:03:00,10.354,32.543,10.091,2.8
HIU,2021-02-25 11:13:00,10.563,32.691,8.893,1.2
HIU,2021-02-25 12:02:00,10.437,32.584,9.821,2.5
HIU,2021-02-25 13:05:00,10.712,32.705,9.851,1.5
HIU,2021-02-25 13:31:00,10.479,32.491,9.397,1.4
HIU,2021-02-25 14:33:00,10.231,32.536,9.116,0.9
HIU,2021-05-20 10:11:00,18.569,31.992,8.457,3.3
HIU,2021-05-20 11:16:00,19.057,32.171,8.519,4.1
HIU,2021-05-20 13:31:00,18.935,32.212,8.552,9.2
HIU,2021-05-20 14:35:00,18.791,32.258,8.844,4.2
HIU,2021-06-02 11:25:00,18.624,32.409,8.59,1.6
HIU,2021-06-02 12:13:00,18.375,32.42,8.451,1.1
HIU,2021-06-02 13:57:00,19.78,32.332,9.187,1
HIU,2021-06-03 09:03:00,20.589,31.946,9.019,1.6
HIU,2021-06-03 10:10:00,21.326,31.936,9.467,2.4
HIU,2021-06-03 11:19:00,19.809,32.055,9.088,2
HIU,2021-06-03 12:17:00,20.785,31.92,9.589,2.2
HIU,2021-06-03 13:19:00,19.928,32.222,8.563,1.5
HIU,2021-09-07 10:00:00,27.484,30.145,7.315,1.2
HIU,2021-09-07 11:03:00,27.473,30.199,7.296,1.5
HIU,2021-09-07 11:45:00,27.7,30.267,7.471,1.8
HIU,2021-09-07 14:06:00,28.117,29.738,8.498,2.1
HIU,2022-10-13 10:40:00,24.16,32.32,6.59,1.8
HIU,2022-10-13 11:25:00,24.25,32.06,7.41,5.5
HIU,2022-10-13 13:08:00,24.45,31.98,7.63,5.4
HIU,2022-10-14 08:55:00,23.17,31.36,8.41,11
HIU,2022-10-14 10:00:00,23.95,31.63,7.35,6.1
HIU,2022-10-14 11:22:00,24.01,31.61,7.48,5.3
HIU,2022-10-14 12:45:00,24.22,31.95,7.81,2.1
HIU,2022-10-14 13:58:00,23.98,31.96,8.28,4.6
HIU,2022-02-18 10:05:00,8.87,32.31,8.73,1.2
HIU,2022-02-18 11:04:00,8.96,32.33,8.76,1.4
HIU,2022-02-18 11:42:00,9.35,32.41,8.75,1.5
HIU,2022-02-18 14:00:00,9.03,32.28,8.88,1.7
HIU,2022-05-18 10:04:00,17.76,32.05,8.6,0.8
HIU,2022-05-18 11:07:00,17.8,32.04,8.64,1
HIU,2022-05-18 11:45:00,18.9,31.71,9.11,0.4
HIU,2022-05-18 13:59:00,18.59,31.76,9.07,0.2
HIU,2022-08-24 11:42:00,29.52,31.81,6.59,0.9
HIU,2022-08-24 12:33:00,29.26,31.84,6.5,1.8
HIU,2022-08-24 14:20:00,29.63,31.88,6.74,0.6
HIU,2022-08-25 08:53:00,29.69,31.74,6.86,0.6
HIU,2022-08-25 09:57:00,29.75,31.72,6.38,0.8
HIU,2022-08-25 11:10:00,29.75,31.78,6.74,0.8
HIU,2022-08-25 12:15:00,29.27,31.9,6.83,4
HIU,2022-08-25 13:22:00,28.88,31.9,6.78,1.7
