,date,u,v,uv,u_sabunn_m,v_sabunn_m,delta_lat,delta_lng
0,2016/01/01 00:00,-7.25,8.52,11.187,-261.0,306.72,-0.040967,0.048184
1,2016/01/01 01:00,7.32,-3.56,8.14,263.52,-128.16,0.041362,-0.020133
2,2016/01/01 02:00,16.1,-17.48,23.765,579.6,-629.28,0.090975,-0.099183
3,2016/01/01 03:00,18.84,-21.21,28.369,678.24,-763.56,0.106457,-0.120532
4,2016/01/01 04:00,19.16,-21.12,28.516,689.76,-760.32,0.108266,-0.120044
5,2016/01/01 05:00,16.18,-18.04,24.233,582.48,-649.44,0.091427,-0.102364
6,2016/01/01 06:00,11.81,-13.61,18.02,425.16,-489.96,0.066734,-0.077076
7,2016/01/01 07:00,4.26,-6.81,8.033,153.36,-245.16,0.024072,-0.038492
8,2016/01/01 08:00,-6.47,1.71,6.692,-232.92,61.56,-0.036559,0.009669
9,2016/01/01 09:00,-15.84,12.82,20.378,-570.24,461.52,-0.089506,0.072732
10,2016/01/01 10:00,-20.14,17.79,26.872,-725.04,640.44,-0.113803,0.101179
11,2016/01/01 11:00,-19.41,17.52,26.148,-698.76,630.72,-0.109678,0.099597
12,2016/01/01 12:00,-12.18,11.67,16.868,-438.48,420.12,-0.068824,0.066099
13,2016/01/01 13:00,0.89,1.64,1.866,32.04,59.04,0.005029,0.009267
14,2016/01/01 14:00,15.75,-13.06,20.46,567.0,-470.16,0.088997,-0.07409
15,2016/01/01 15:00,18.65,-20.65,27.825,671.4,-743.4,0.105384,-0.117336
16,2016/01/01 16:00,20.05,-22.0,29.766,721.8,-792.0,0.113295,-0.125115
17,2016/01/01 17:00,17.68,-19.42,26.262,636.48,-699.12,0.099903,-0.110285
18,2016/01/01 18:00,14.05,-15.54,20.95,505.8,-559.44,0.079391,-0.088088
19,2016/01/01 19:00,7.91,-9.31,12.217,284.76,-335.16,0.044696,-0.05266
20,2016/01/01 20:00,-0.67,-1.3,1.462,-24.12,-46.8,-0.003786,-0.007346
21,2016/01/01 21:00,-9.98,7.61,12.55,-359.28,273.96,-0.056393,0.04307
22,2016/01/01 22:00,-15.99,14.27,21.432,-575.64,513.72,-0.090353,0.080964
23,2016/01/01 23:00,-18.2,16.28,24.419,-655.2,586.08,-0.102841,0.09248
24,2016/01/02 00:00,-15.47,14.18,20.986,-556.92,510.48,-0.087415,0.080433
25,2016/01/02 01:00,-8.16,8.34,11.668,-293.76,300.24,-0.046109,0.047176
26,2016/01/02 02:00,5.07,-2.48,5.644,182.52,-89.28,0.028649,-0.014019
27,2016/01/02 03:00,14.95,-14.58,20.883,538.2,-524.88,0.084477,-0.082681
28,2016/01/02 04:00,17.06,-18.57,25.217,614.16,-668.52,0.096399,-0.105421
29,2016/01/02 05:00,17.07,-18.3,25.025,614.52,-658.8,0.096456,-0.103889
30,2016/01/02 06:00,14.41,-15.41,21.098,518.76,-554.76,0.081425,-0.087365
31,2016/01/02 07:00,9.79,-10.69,14.496,352.44,-384.84,0.055319,-0.060498
32,2016/01/02 08:00,2.38,-4.09,4.732,85.68,-147.24,0.013448,-0.023113
33,2016/01/02 09:00,-6.63,3.58,7.535,-238.68,128.88,-0.037464,0.020243
34,2016/01/02 10:00,-13.69,11.68,17.996,-492.84,420.48,-0.077357,0.066197
35,2016/01/02 11:00,-16.65,15.17,22.524,-599.4,546.12,-0.094083,0.0861
36,2016/01/02 12:00,-14.57,14.2,20.345,-524.52,511.2,-0.082329,0.080511
37,2016/01/02 13:00,-5.61,7.9,9.689,-201.96,284.4,-0.0317,0.044662
38,2016/01/02 14:00,9.33,-4.12,10.199,335.88,-148.32,0.05272,-0.023313
39,2016/01/02 15:00,17.02,-15.86,23.264,612.72,-570.96,0.096173,-0.090035
40,2016/01/02 16:00,17.73,-18.94,25.944,638.28,-681.84,0.100185,-0.107562
41,2016/01/02 17:00,17.53,-18.9,25.778,631.08,-680.4,0.099055,-0.107323
42,2016/01/02 18:00,15.23,-16.57,22.506,548.28,-596.52,0.086059,-0.093978
43,2016/01/02 19:00,11.78,-12.85,17.432,424.08,-462.6,0.066564,-0.072771
44,2016/01/02 20:00,5.87,-7.01,9.143,211.32,-252.36,0.033169,-0.039633
45,2016/01/02 21:00,-2.06,-0.07,2.061,-74.16,-2.52,-0.01164,-0.000396
46,2016/01/02 22:00,-9.82,7.52,12.369,-353.52,270.72,-0.055489,0.042558
47,2016/01/02 23:00,-15.12,13.42,20.217,-544.32,483.12,-0.085437,0.076109
48,2016/01/03 00:00,-17.26,15.39,23.125,-621.36,554.04,-0.097529,0.087378
49,2016/01/03 01:00,-14.48,13.29,19.654,-521.28,478.44,-0.081821,0.075349
50,2016/01/03 02:00,-7.71,7.79,10.96,-277.56,280.44,-0.043566,0.04406
51,2016/01/03 03:00,3.21,-1.35,3.482,115.56,-48.6,0.018138,-0.00763
52,2016/01/03 04:00,11.49,-11.36,16.158,413.64,-408.96,0.064925,-0.064326
53,2016/01/03 05:00,13.41,-15.9,20.8,482.76,-572.4,0.075775,-0.090103
54,2016/01/03 06:00,13.73,-16.35,21.35,494.28,-588.6,0.077583,-0.092666
55,2016/01/03 07:00,12.38,-14.57,19.119,445.68,-524.52,0.069954,-0.082531
56,2016/01/03 08:00,8.77,-10.73,13.858,315.72,-386.28,0.049556,-0.060706
57,2016/01/03 09:00,2.86,-5.27,5.996,102.96,-189.72,0.016161,-0.029783
58,2016/01/03 10:00,-4.82,1.42,5.025,-173.52,51.12,-0.027236,0.008027
59,2016/01/03 11:00,-11.21,8.69,14.184,-403.56,312.84,-0.063343,0.049202
60,2016/01/03 12:00,-14.48,13.15,19.56,-521.28,473.4,-0.081821,0.074555
61,2016/01/03 13:00,-13.68,12.87,18.782,-492.48,463.32,-0.0773,0.072941
62,2016/01/03 14:00,-8.48,8.73,12.171,-305.28,314.28,-0.047917,0.049386
63,2016/01/03 15:00,1.56,0.56,1.657,56.16,20.16,0.008815,0.003164
64,2016/01/03 16:00,11.88,-10.13,15.613,427.68,-364.68,0.067129,-0.05737
65,2016/01/03 17:00,14.64,-15.74,21.496,527.04,-566.64,0.082725,-0.089246
66,2016/01/03 18:00,15.09,-16.9,22.657,543.24,-608.4,0.085268,-0.095843
67,2016/01/03 19:00,13.98,-15.57,20.925,503.28,-560.52,0.078995,-0.088255
68,2016/01/03 20:00,10.63,-11.92,15.971,382.68,-429.12,0.060066,-0.067477
69,2016/01/03 21:00,5.44,-6.8,8.708,195.84,-244.8,0.030739,-0.038442
70,2016/01/03 22:00,-1.42,-0.73,1.597,-51.12,-26.28,-0.008024,-0.004125
71,2016/01/03 23:00,-8.57,5.92,10.416,-308.52,213.12,-0.048426,0.033491
72,2016/01/04 00:00,-13.53,11.65,17.855,-487.08,419.4,-0.076453,0.066022
73,2016/01/04 01:00,-16.31,14.39,21.751,-587.16,518.04,-0.092161,0.081659
74,2016/01/04 02:00,-14.51,13.24,19.643,-522.36,476.64,-0.08199,0.075066
75,2016/01/04 03:00,-9.14,9.03,12.848,-329.04,325.08,-0.051647,0.051093
76,2016/01/04 04:00,0.24,1.34,1.361,8.64,48.24,0.001356,0.007572
77,2016/01/04 05:00,10.29,-8.54,13.372,370.44,-307.44,0.058145,-0.048338
78,2016/01/04 06:00,13.64,-15.11,20.356,491.04,-543.96,0.077074,-0.085635
79,2016/01/04 07:00,14.59,-16.87,22.304,525.24,-607.32,0.082442,-0.095651
80,2016/01/04 08:00,14.2,-16.14,21.497,511.2,-581.04,0.080239,-0.091495
81,2016/01/04 09:00,11.42,-13.07,17.356,411.12,-470.52,0.06453,-0.074007
82,2016/01/04 10:00,7.63,-8.94,11.753,274.68,-321.84,0.043114,-0.050563
83,2016/01/04 11:00,4.18,-4.37,6.047,150.48,-157.32,0.02362,-0.0247
84,2016/01/04 12:00,-0.16,-0.38,0.412,-5.76,-13.68,-0.000904,-0.002147
85,2016/01/04 13:00,-4.43,4.57,6.365,-159.48,164.52,-0.025032,0.025831
86,2016/01/04 14:00,-5.17,7.01,8.71,-186.12,252.36,-0.029214,0.039628
87,2016/01/04 15:00,-0.92,4.94,5.025,-33.12,177.84,-0.005199,0.027914
88,2016/01/04 16:00,7.76,-2.25,8.08,279.36,-81.0,0.043849,-0.012726
89,2016/01/04 17:00,13.36,-11.33,17.517,480.96,-407.88,0.075492,-0.064204
90,2016/01/04 18:00,14.88,-15.63,21.58,535.68,-562.68,0.084081,-0.088632
91,2016/01/04 19:00,15.22,-16.76,22.639,547.92,-603.36,0.086002,-0.095055
92,2016/01/04 20:00,14.55,-16.53,22.021,523.8,-595.08,0.082216,-0.093721
93,2016/01/04 21:00,12.52,-14.34,19.036,450.72,-516.24,0.070746,-0.081233
94,2016/01/04 22:00,8.49,-10.2,13.271,305.64,-367.2,0.047974,-0.057703
95,2016/01/04 23:00,2.97,-5.31,6.084,106.92,-191.16,0.016782,-0.030009
96,2016/01/05 00:00,-4.22,0.48,4.247,-151.92,17.28,-0.023846,0.002713
97,2016/01/05 01:00,-11.1,8.25,13.83,-399.6,297.0,-0.062722,0.046709
98,2016/01/05 02:00,-15.03,13.57,20.25,-541.08,488.52,-0.084929,0.076956
99,2016/01/05 03:00,-14.06,13.52,19.506,-506.16,486.72,-0.079447,0.076638
100,2016/01/05 04:00,-9.09,9.69,13.286,-327.24,348.84,-0.051364,0.054827
101,2016/01/05 05:00,0.62,1.89,1.989,22.32,68.04,0.003503,0.01068
102,2016/01/05 06:00,10.69,-8.83,13.865,384.84,-317.88,0.060405,-0.049986
103,2016/01/05 07:00,14.35,-16.39,21.784,516.6,-590.04,0.081086,-0.092919
104,2016/01/05 08:00,15.78,-18.42,24.255,568.08,-663.12,0.089167,-0.104499
105,2016/01/05 09:00,15.82,-17.94,23.919,569.52,-645.84,0.089393,-0.101778
106,2016/01/05 10:00,13.63,-15.36,20.535,490.68,-552.96,0.077018,-0.087051
107,2016/01/05 11:00,9.33,-10.95,14.386,335.88,-394.2,0.05272,-0.06196
108,2016/01/05 12:00,3.31,-5.12,6.097,119.16,-184.32,0.018704,-0.028936
109,2016/01/05 13:00,-3.86,1.1,4.014,-138.96,39.6,-0.021811,0.006217
110,2016/01/05 14:00,-9.5,7.86,12.33,-342.0,282.96,-0.053681,0.044478
111,2016/01/05 15:00,-12.07,11.79,16.873,-434.52,424.44,-0.068203,0.066776
112,2016/01/05 16:00,-10.64,10.99,15.297,-383.04,395.64,-0.060122,0.062213
113,2016/01/05 17:00,-4.8,6.16,7.809,-172.8,221.76,-0.027123,0.034821
114,2016/01/05 18:00,5.59,-2.69,6.204,201.24,-96.84,0.031587,-0.015208
115,2016/01/05 19:00,13.1,-13.16,18.569,471.6,-473.76,0.074023,-0.074566
116,2016/01/05 20:00,15.9,-17.82,23.882,572.4,-641.52,0.089845,-0.101102
117,2016/01/05 21:00,16.69,-18.33,24.79,600.84,-659.88,0.094309,-0.104038
118,2016/01/05 22:00,14.41,-15.99,21.525,518.76,-575.64,0.081425,-0.090654
119,2016/01/05 23:00,9.39,-10.98,14.448,338.04,-395.28,0.053059,-0.062131
120,2016/01/06 00:00,2.88,-5.0,5.77,103.68,-180.0,0.016274,-0.028257
121,2016/01/06 01:00,-6.31,2.31,6.72,-227.16,83.16,-0.035655,0.013061
122,2016/01/06 02:00,-15.18,12.06,19.388,-546.48,434.16,-0.085776,0.068398
123,2016/01/06 03:00,-19.55,16.92,25.855,-703.8,609.12,-0.110469,0.096195
124,2016/01/06 04:00,-18.75,16.72,25.122,-675.0,601.92,-0.105949,0.095011
125,2016/01/06 05:00,-12.59,12.0,17.393,-453.24,432.0,-0.071141,0.067979
126,2016/01/06 06:00,-2.22,3.67,4.289,-79.92,132.12,-0.012544,0.020739
127,2016/01/06 07:00,10.71,-8.21,13.495,385.56,-295.56,0.060518,-0.046477
128,2016/01/06 08:00,15.27,-17.38,23.135,549.72,-625.68,0.086285,-0.098574
129,2016/01/06 09:00,17.05,-20.12,26.373,613.8,-724.32,0.096343,-0.11422
130,2016/01/06 10:00,17.07,-19.57,25.969,614.52,-704.52,0.096456,-0.111099
131,2016/01/06 11:00,14.66,-16.86,22.342,527.76,-606.96,0.082838,-0.095597
132,2016/01/06 12:00,10.12,-12.28,15.913,364.32,-442.08,0.057184,-0.069503
133,2016/01/06 13:00,2.49,-4.95,5.541,89.64,-178.2,0.01407,-0.027973
134,2016/01/06 14:00,-6.77,3.28,7.523,-243.72,118.08,-0.038255,0.018548
135,2016/01/06 15:00,-13.86,12.13,18.418,-498.96,436.68,-0.078317,0.068753
136,2016/01/06 16:00,-16.51,15.57,22.694,-594.36,560.52,-0.093291,0.088364
137,2016/01/06 17:00,-15.03,14.4,20.815,-541.08,518.4,-0.084929,0.081663
138,2016/01/06 18:00,-7.06,8.09,10.737,-254.16,291.24,-0.039893,0.04575
139,2016/01/06 19:00,7.3,-3.55,8.117,262.8,-127.8,0.041249,-0.020077
140,2016/01/06 20:00,16.92,-16.63,23.724,609.12,-598.68,0.095608,-0.094401
141,2016/01/06 21:00,19.49,-21.09,28.717,701.64,-759.24,0.11013,-0.119898
142,2016/01/06 22:00,19.57,-21.24,28.881,704.52,-764.64,0.110582,-0.120756
143,2016/01/06 23:00,16.61,-18.27,24.692,597.96,-657.72,0.093857,-0.103693
144,2016/01/07 00:00,11.78,-13.51,17.925,424.08,-486.36,0.066564,-0.076509
145,2016/01/07 01:00,4.5,-7.46,8.712,162.0,-268.56,0.025428,-0.042167
146,2016/01/07 02:00,-5.79,0.15,5.792,-208.44,5.4,-0.032717,0.000848
147,2016/01/07 03:00,-14.92,11.45,18.807,-537.12,412.2,-0.084307,0.06493
148,2016/01/07 04:00,-19.04,17.34,25.753,-685.44,624.24,-0.107588,0.098551
149,2016/01/07 05:00,-17.67,16.82,24.396,-636.12,605.52,-0.099846,0.095519
150,2016/01/07 06:00,-10.04,10.78,14.731,-361.44,388.08,-0.056732,0.061012
151,2016/01/07 07:00,2.93,0.71,3.015,105.48,25.56,0.016556,0.004012
152,2016/01/07 08:00,14.78,-13.9,20.289,532.08,-500.4,0.083516,-0.078818
153,2016/01/07 09:00,17.94,-21.29,27.841,645.84,-766.44,0.101372,-0.120922
154,2016/01/07 10:00,19.95,-22.79,30.288,718.2,-820.44,0.11273,-0.1296
155,2016/01/07 11:00,18.82,-21.12,28.289,677.52,-760.32,0.106344,-0.120019
156,2016/01/07 12:00,16.52,-18.18,24.565,594.72,-654.48,0.093348,-0.103177
157,2016/01/07 13:00,11.79,-12.86,17.447,424.44,-462.96,0.066621,-0.072828
158,2016/01/07 14:00,4.87,-5.79,7.566,175.32,-208.44,0.027518,-0.032729
159,2016/01/07 15:00,-4.03,1.59,4.332,-145.08,57.24,-0.022772,0.008987
160,2016/01/07 16:00,-11.73,10.49,15.736,-422.28,377.64,-0.066282,0.059405
161,2016/01/07 17:00,-14.37,14.6,20.486,-517.32,525.6,-0.081199,0.082772
162,2016/01/07 18:00,-11.0,11.96,16.249,-396.0,430.56,-0.062157,0.067712
163,2016/01/07 19:00,0.34,2.53,2.553,12.24,91.08,0.001921,0.014296
164,2016/01/07 20:00,14.48,-14.39,20.414,521.28,-518.04,0.081821,-0.081585
165,2016/01/07 21:00,20.2,-23.28,30.822,727.2,-838.08,0.114142,-0.132408
166,2016/01/07 22:00,23.27,-24.73,33.957,837.72,-890.28,0.13149,-0.140956
167,2016/01/07 23:00,21.79,-23.03,31.705,784.44,-829.08,0.123127,-0.131126
168,2016/01/08 00:00,17.61,-18.93,25.855,633.96,-681.48,0.099507,-0.107498
169,2016/01/08 01:00,11.64,-12.84,17.331,419.04,-462.24,0.065773,-0.072711
170,2016/01/08 02:00,1.94,-4.79,5.168,69.84,-172.44,0.010962,-0.027068
171,2016/01/08 03:00,-11.52,6.4,13.178,-414.72,230.4,-0.065095,0.036241
172,2016/01/08 04:00,-21.6,18.37,28.355,-777.6,661.32,-0.122053,0.10458
173,2016/01/08 05:00,-24.14,21.19,32.121,-869.04,762.84,-0.136406,0.120859
174,2016/01/08 06:00,-19.79,17.98,26.738,-712.44,647.28,-0.111825,0.102236
175,2016/01/08 07:00,-9.84,10.23,14.194,-354.24,368.28,-0.055602,0.057895
176,2016/01/08 08:00,5.06,-0.96,5.15,182.16,-34.56,0.028592,-0.005427
177,2016/01/08 09:00,17.74,-17.4,24.849,638.64,-626.4,0.100242,-0.098817
178,2016/01/08 10:00,21.51,-24.6,32.678,774.36,-885.6,0.121544,-0.140038
179,2016/01/08 11:00,23.63,-25.74,34.942,850.68,-926.64,0.133524,-0.146753
180,2016/01/08 12:00,21.28,-22.9,31.261,766.08,-824.4,0.120245,-0.13034
181,2016/01/08 13:00,18.19,-19.66,26.784,654.84,-707.76,0.102784,-0.11168
182,2016/01/08 14:00,11.07,-12.53,16.72,398.52,-451.08,0.062552,-0.070941
183,2016/01/08 15:00,1.49,-3.77,4.054,53.64,-135.72,0.008419,-0.021304
184,2016/01/08 16:00,-8.8,5.66,10.463,-316.8,203.76,-0.049725,0.032022
185,2016/01/08 17:00,-15.59,14.52,21.304,-561.24,522.72,-0.088093,0.082366
186,2016/01/08 18:00,-16.48,16.39,23.243,-593.28,590.04,-0.093122,0.093016
187,2016/01/08 19:00,-9.8,11.03,14.755,-352.8,397.08,-0.055376,0.062422
188,2016/01/08 20:00,6.43,-2.22,6.802,231.48,-79.92,0.036333,-0.012553
189,2016/01/08 21:00,18.23,-19.99,27.054,656.28,-719.64,0.103011,-0.113558
190,2016/01/08 22:00,23.36,-25.58,34.641,840.96,-920.88,0.131998,-0.145811
191,2016/01/08 23:00,24.64,-25.88,35.734,887.04,-931.68,0.139231,-0.147667
192,2016/01/09 00:00,21.89,-23.26,31.941,788.04,-837.36,0.123692,-0.132445
193,2016/01/09 01:00,17.1,-18.15,24.937,615.6,-653.4,0.096625,-0.103039
194,2016/01/09 02:00,10.34,-11.23,15.265,372.24,-404.28,0.058427,-0.063565
195,2016/01/09 03:00,-1.48,-1.69,2.246,-53.28,-60.84,-0.008363,-0.00955
196,2016/01/09 04:00,-15.65,11.76,19.576,-563.4,423.36,-0.088432,0.066712
197,2016/01/09 05:00,-24.03,20.95,31.88,-865.08,754.2,-0.135784,0.11948
198,2016/01/09 06:00,-24.41,21.73,32.681,-878.76,782.28,-0.137931,0.123965
199,2016/01/09 07:00,-17.51,16.61,24.135,-630.36,597.96,-0.098942,0.094318
200,2016/01/09 08:00,-5.76,7.84,9.728,-207.36,282.24,-0.032547,0.044324
201,2016/01/09 09:00,11.72,-6.3,13.306,421.92,-226.8,0.066225,-0.035677
202,2016/01/09 10:00,19.08,-21.11,28.455,686.88,-759.96,0.107814,-0.119981
203,2016/01/09 11:00,21.56,-24.9,32.937,776.16,-896.4,0.121827,-0.141751
204,2016/01/09 12:00,22.26,-24.87,33.377,801.36,-895.32,0.125782,-0.14165
205,2016/01/09 13:00,19.95,-22.05,29.736,718.2,-793.8,0.11273,-0.125392
206,2016/01/09 14:00,15.54,-16.98,23.018,559.44,-611.28,0.08781,-0.096318
207,2016/01/09 15:00,6.84,-8.0,10.525,246.24,-288.0,0.03865,-0.045239
208,2016/01/09 16:00,-5.11,2.61,5.738,-183.96,93.96,-0.028875,0.014754
209,2016/01/09 17:00,-15.89,14.68,21.633,-572.04,528.48,-0.089788,0.083286
210,2016/01/09 18:00,-20.46,19.53,28.285,-736.56,703.08,-0.115611,0.111098
211,2016/01/09 19:00,-17.87,17.55,25.047,-643.32,631.8,-0.100976,0.099676
212,2016/01/09 20:00,-8.19,9.63,12.642,-294.84,346.68,-0.046278,0.054474
213,2016/01/09 21:00,10.8,-6.25,12.478,388.8,-225.0,0.061027,-0.035382
214,2016/01/09 22:00,21.14,-22.94,31.195,761.04,-825.84,0.119454,-0.130555
215,2016/01/09 23:00,25.26,-26.96,36.945,909.36,-970.56,0.142734,-0.153905
216,2016/01/10 00:00,24.84,-26.19,36.096,894.24,-942.84,0.140361,-0.149459
217,2016/01/10 01:00,21.16,-22.51,30.894,761.76,-810.36,0.119567,-0.12811
218,2016/01/10 02:00,16.29,-16.87,23.451,586.44,-607.32,0.092048,-0.095731
219,2016/01/10 03:00,7.33,-8.54,11.254,263.88,-307.44,0.041419,-0.048298
220,2016/01/10 04:00,-6.9,2.35,7.289,-248.4,84.6,-0.038989,0.013289
221,2016/01/10 05:00,-19.85,16.71,25.947,-714.6,601.56,-0.112164,0.095019
222,2016/01/10 06:00,-24.94,22.02,33.27,-897.84,792.72,-0.140926,0.125672
223,2016/01/10 07:00,-23.26,21.06,31.378,-837.36,758.16,-0.131433,0.120037
224,2016/01/10 08:00,-13.52,13.93,19.412,-486.72,501.48,-0.076396,0.078943
225,2016/01/10 09:00,3.07,1.87,3.595,110.52,67.32,0.017347,0.010568
226,2016/01/10 10:00,19.06,-17.26,25.714,686.16,-621.36,0.107701,-0.098098
227,2016/01/10 11:00,22.53,-25.79,34.245,811.08,-928.44,0.127308,-0.146918
228,2016/01/10 12:00,24.53,-26.92,36.42,883.08,-969.12,0.138609,-0.153587
229,2016/01/10 13:00,22.22,-24.54,33.105,799.92,-883.44,0.125556,-0.139766
230,2016/01/10 14:00,20.0,-21.74,29.54,720.0,-782.64,0.113012,-0.123633
231,2016/01/10 15:00,13.58,-15.03,20.256,488.88,-541.08,0.076735,-0.085179
232,2016/01/10 16:00,2.66,-4.83,5.514,95.76,-173.88,0.015031,-0.027296
233,2016/01/10 17:00,-10.78,7.01,12.859,-388.08,252.36,-0.060914,0.039684
234,2016/01/10 18:00,-19.68,17.94,26.63,-708.48,645.84,-0.111204,0.102002
235,2016/01/10 19:00,-21.21,19.86,29.057,-763.56,714.96,-0.119849,0.113032
236,2016/01/10 20:00,-15.74,15.31,21.958,-566.64,551.16,-0.088941,0.086854
237,2016/01/10 21:00,-2.26,4.47,5.009,-81.36,160.92,-0.01277,0.02526
238,2016/01/10 22:00,15.13,-13.96,20.586,544.68,-502.56,0.085494,-0.079172
239,2016/01/10 23:00,22.82,-26.38,34.881,821.52,-949.68,0.128947,-0.150311
240,2016/01/11 00:00,26.42,-28.35,38.752,951.12,-1020.6,0.149289,-0.161997
241,2016/01/11 01:00,24.4,-26.42,35.964,878.4,-951.12,0.137875,-0.150719
242,2016/01/11 02:00,19.38,-21.25,28.76,697.68,-765.0,0.109509,-0.120799
243,2016/01/11 03:00,12.48,-14.06,18.8,449.28,-506.16,0.07052,-0.079645
244,2016/01/11 04:00,-0.53,-3.63,3.668,-19.08,-130.68,-0.002995,-0.020512
245,2016/01/11 05:00,-17.71,11.73,21.242,-637.56,422.28,-0.100072,0.066615
246,2016/01/11 06:00,-28.11,23.06,36.358,-1011.96,830.16,-0.158838,0.131964
247,2016/01/11 07:00,-29.07,24.38,37.94,-1046.52,877.68,-0.164263,0.139641
248,2016/01/11 08:00,-23.51,20.57,31.239,-846.36,740.52,-0.132846,0.117266
249,2016/01/11 09:00,-14.1,13.67,19.639,-507.6,492.12,-0.079674,0.07749
250,2016/01/11 10:00,3.46,1.03,3.61,124.56,37.08,0.019551,0.005821
251,2016/01/11 11:00,19.01,-17.44,25.798,684.36,-627.84,0.107418,-0.099118
252,2016/01/11 12:00,21.21,-24.83,32.656,763.56,-893.88,0.119849,-0.141318
253,2016/01/11 13:00,23.83,-26.76,35.832,857.88,-963.36,0.134654,-0.152591
254,2016/01/11 14:00,21.68,-24.11,32.424,780.48,-867.96,0.122505,-0.137265
255,2016/01/11 15:00,18.1,-19.99,26.967,651.6,-719.64,0.102276,-0.113549
256,2016/01/11 16:00,8.91,-10.75,13.962,320.76,-387.0,0.050347,-0.060821
257,2016/01/11 17:00,-4.64,0.92,4.73,-167.04,33.12,-0.026219,0.0052
258,2016/01/11 18:00,-17.39,14.74,22.796,-626.04,530.64,-0.098264,0.083694
259,2016/01/11 19:00,-23.06,20.89,31.115,-830.16,752.04,-0.130303,0.11905
260,2016/01/11 20:00,-22.05,20.18,29.89,-793.8,726.48,-0.124596,0.11492
261,2016/01/11 21:00,-13.83,13.39,19.25,-497.88,482.04,-0.078148,0.075893
262,2016/01/11 22:00,2.44,0.57,2.506,87.84,20.52,0.013787,0.003221
263,2016/01/11 23:00,18.23,-19.04,26.36,656.28,-685.44,0.103011,-0.108161
264,2016/01/12 00:00,23.59,-26.97,35.831,849.24,-970.92,0.133298,-0.153761
265,2016/01/12 01:00,25.46,-27.61,37.557,916.56,-993.96,0.143864,-0.157642
266,2016/01/12 02:00,21.96,-24.42,32.842,790.56,-879.12,0.124087,-0.139057
267,2016/01/12 03:00,16.67,-18.62,24.992,600.12,-670.32,0.094196,-0.105683
268,2016/01/12 04:00,8.17,-10.5,13.304,294.12,-378.0,0.046165,-0.059395
269,2016/01/12 05:00,-7.55,1.09,7.628,-271.8,39.24,-0.042662,0.006165
270,2016/01/12 06:00,-22.03,17.08,27.876,-793.08,614.88,-0.124483,0.097265
271,2016/01/12 07:00,-27.55,23.09,35.946,-991.8,831.24,-0.155674,0.13207
272,2016/01/12 08:00,-26.68,22.83,35.115,-960.48,821.88,-0.150758,0.130483
273,2016/01/12 09:00,-19.67,15.09,24.791,-708.12,543.24,-0.111147,0.085797
274,2016/01/12 10:00,-7.93,9.24,12.176,-285.48,332.64,-0.044809,0.052264
275,2016/01/12 11:00,11.38,-5.84,12.791,409.68,-210.24,0.064304,-0.033068
276,2016/01/12 12:00,19.5,-21.72,29.189,702.0,-781.92,0.110187,-0.12348
277,2016/01/12 13:00,22.46,-26.34,34.616,808.56,-948.24,0.126913,-0.150044
278,2016/01/12 14:00,23.12,-26.2,34.942,832.32,-943.2,0.130642,-0.149318
279,2016/01/12 15:00,20.94,-23.83,31.723,753.84,-857.88,0.118324,-0.135602
280,2016/01/12 16:00,14.8,-17.86,23.195,532.8,-642.96,0.083629,-0.101274
281,2016/01/12 17:00,3.59,-8.31,9.052,129.24,-299.16,0.020286,-0.046966
282,2016/01/12 18:00,-12.21,4.84,13.134,-439.56,174.24,-0.068994,0.027414
283,2016/01/12 19:00,-22.02,18.5,28.76,-792.72,666.0,-0.124426,0.105351
284,2016/01/12 20:00,-26.13,22.84,34.705,-940.68,822.24,-0.14765,0.130479
285,2016/01/12 21:00,-22.1,19.43,29.427,-795.6,699.48,-0.124878,0.110653
286,2016/01/12 22:00,-12.4,11.59,16.973,-446.4,417.24,-0.070067,0.065652
287,2016/01/12 23:00,5.47,-2.38,5.965,196.92,-85.68,0.030909,-0.013455
288,2016/01/13 00:00,19.53,-21.0,28.678,703.08,-756.0,0.110356,-0.119389
289,2016/01/13 01:00,23.72,-26.88,35.849,853.92,-967.68,0.134032,-0.153263
290,2016/01/13 02:00,24.22,-26.59,35.967,871.92,-957.24,0.136858,-0.151668
291,2016/01/13 03:00,19.88,-22.17,29.778,715.68,-798.12,0.112334,-0.126068
292,2016/01/13 04:00,13.29,-15.11,20.123,478.44,-543.96,0.075097,-0.085622
293,2016/01/13 05:00,2.04,-5.17,5.558,73.44,-186.12,0.011527,-0.029216
294,2016/01/13 06:00,-14.89,9.39,17.604,-536.04,338.04,-0.084137,0.053248
295,2016/01/13 07:00,-26.47,22.03,34.438,-952.92,793.08,-0.149571,0.125888
296,2016/01/13 08:00,-28.22,24.06,37.084,-1015.92,866.16,-0.15946,0.137701
297,2016/01/13 09:00,-23.39,21.17,31.548,-842.04,762.12,-0.132168,0.120676
298,2016/01/13 10:00,-13.65,14.34,19.798,-491.4,516.24,-0.077131,0.081271
299,2016/01/13 11:00,4.62,1.21,4.776,166.32,43.56,0.026106,0.00684
300,2016/01/13 12:00,21.32,-19.48,28.879,767.52,-701.28,0.120471,-0.110877
301,2016/01/13 13:00,24.24,-26.75,36.099,872.64,-963.0,0.136971,-0.152583
302,2016/01/13 14:00,26.24,-28.1,38.447,944.64,-1011.6,0.148272,-0.160543
303,2016/01/13 15:00,23.57,-25.22,34.519,848.52,-907.92,0.133185,-0.143782
304,2016/01/13 16:00,21.13,-22.47,30.844,760.68,-808.92,0.119397,-0.127879
305,2016/01/13 17:00,14.31,-15.39,21.015,515.16,-554.04,0.08086,-0.087248
306,2016/01/13 18:00,3.63,-6.14,7.133,130.68,-221.04,0.020512,-0.034702
307,2016/01/13 19:00,-8.75,3.68,9.492,-315.0,132.48,-0.049443,0.02082
308,2016/01/13 20:00,-16.47,14.8,22.143,-592.92,532.8,-0.093065,0.083992
309,2016/01/13 21:00,-19.8,19.35,27.685,-712.8,696.6,-0.111882,0.110027
310,2016/01/13 22:00,-16.09,16.15,22.797,-579.24,581.4,-0.090918,0.091636
311,2016/01/13 23:00,-1.51,4.52,4.766,-54.36,162.72,-0.008532,0.025542
312,2016/01/14 00:00,17.27,-15.16,22.98,621.72,-545.76,0.097586,-0.086073
313,2016/01/14 01:00,23.38,-26.22,35.13,841.68,-943.92,0.132111,-0.149461
314,2016/01/14 02:00,26.06,-27.86,38.148,938.16,-1002.96,0.147255,-0.159148
315,2016/01/14 03:00,23.9,-25.73,35.118,860.4,-926.28,0.135049,-0.146726
316,2016/01/14 04:00,20.25,-21.59,29.601,729.0,-777.24,0.114425,-0.1228
317,2016/01/14 05:00,15.01,-15.31,21.441,540.36,-551.16,0.084816,-0.086823
318,2016/01/14 06:00,4.49,-6.18,7.639,161.64,-222.48,0.025371,-0.034932
319,2016/01/14 07:00,-7.39,3.99,8.398,-266.04,143.64,-0.041758,0.022566
320,2016/01/14 08:00,-16.0,15.63,22.367,-576.0,562.68,-0.09041,0.088681
321,2016/01/14 09:00,-20.22,20.3,28.652,-727.92,730.8,-0.114255,0.11546
322,2016/01/14 10:00,-16.49,17.45,24.009,-593.64,628.2,-0.093178,0.099033
323,2016/01/14 11:00,-3.29,7.87,8.53,-118.44,283.32,-0.01859,0.044478
324,2016/01/14 12:00,14.46,-8.08,16.564,520.56,-290.88,0.081708,-0.04581
325,2016/01/14 13:00,21.5,-23.34,31.733,774.0,-840.24,0.121488,-0.132864
326,2016/01/14 14:00,23.72,-26.34,35.446,853.92,-948.24,0.134032,-0.150184
327,2016/01/14 15:00,24.11,-26.59,35.893,867.96,-957.24,0.136236,-0.151655
328,2016/01/14 16:00,21.95,-24.16,32.642,790.2,-869.76,0.124031,-0.137575
329,2016/01/14 17:00,18.33,-20.06,27.173,659.88,-722.16,0.103576,-0.113962
330,2016/01/14 18:00,10.37,-12.49,16.234,373.32,-449.64,0.058597,-0.070697
331,2016/01/14 19:00,-1.24,-3.14,3.376,-44.64,-113.04,-0.007007,-0.017743
332,2016/01/14 20:00,-12.64,8.66,15.322,-455.04,311.76,-0.071424,0.049059
333,2016/01/14 21:00,-19.76,18.63,27.158,-711.36,670.68,-0.111656,0.10593
334,2016/01/14 22:00,-20.01,19.09,27.656,-720.36,687.24,-0.113069,0.108563
335,2016/01/14 23:00,-13.09,13.42,18.747,-471.24,483.12,-0.073966,0.076039
336,2016/01/15 00:00,2.38,1.27,2.698,85.68,45.72,0.013448,0.007177
337,2016/01/15 01:00,17.35,-16.71,24.088,624.6,-601.56,0.098038,-0.094877
338,2016/01/15 02:00,22.13,-25.41,33.696,796.68,-914.76,0.125048,-0.144712
339,2016/01/15 03:00,24.05,-26.27,35.616,865.8,-945.72,0.135897,-0.149823
340,2016/01/15 04:00,21.57,-23.81,32.128,776.52,-857.16,0.121884,-0.135546
341,2016/01/15 05:00,16.49,-18.47,24.76,593.64,-664.92,0.093178,-0.104821
342,2016/01/15 06:00,8.8,-10.85,13.97,316.8,-390.6,0.049725,-0.061385
343,2016/01/15 07:00,-4.49,-0.01,4.49,-161.64,-0.36,-0.025371,-5.7e-05
344,2016/01/15 08:00,-18.34,14.29,23.25,-660.24,514.44,-0.103632,0.081183
345,2016/01/15 09:00,-25.44,21.94,33.594,-915.84,789.84,-0.143751,0.125266
346,2016/01/15 10:00,-25.01,21.99,33.303,-900.36,791.64,-0.141322,0.125508
347,2016/01/15 11:00,-18.08,16.7,24.613,-650.88,601.2,-0.102163,0.09486
348,2016/01/15 12:00,-6.8,8.09,10.568,-244.8,291.24,-0.038424,0.045747
349,2016/01/15 13:00,11.99,-6.78,13.774,431.64,-244.08,0.067751,-0.038399
350,2016/01/15 14:00,19.65,-21.45,29.09,707.4,-772.2,0.111034,-0.121956
351,2016/01/15 15:00,22.48,-25.32,33.859,809.28,-911.52,0.127026,-0.144235
352,2016/01/15 16:00,21.87,-24.33,32.715,787.32,-875.88,0.123579,-0.138536
353,2016/01/15 17:00,19.29,-21.45,28.848,694.44,-772.2,0.109,-0.121929
354,2016/01/15 18:00,14.18,-16.03,21.402,510.48,-577.08,0.080126,-0.090871
355,2016/01/15 19:00,5.15,-7.7,9.264,185.4,-277.2,0.029101,-0.043528
356,2016/01/15 20:00,-7.29,2.04,7.57,-262.44,73.44,-0.041193,0.011537
357,2016/01/15 21:00,-16.66,13.72,21.582,-599.76,493.92,-0.094139,0.077871
358,2016/01/15 22:00,-21.34,19.29,28.766,-768.24,694.44,-0.120584,0.109797
359,2016/01/15 23:00,-20.09,18.33,27.196,-723.24,659.88,-0.113521,0.104247
360,2016/01/16 00:00,-12.26,12.05,17.19,-441.36,433.8,-0.069276,0.068253
361,2016/01/16 01:00,3.0,-0.01,3.0,108.0,-0.36,0.016952,-5.7e-05
362,2016/01/16 02:00,16.73,-16.67,23.617,602.28,-600.12,0.094535,-0.094618
363,2016/01/16 03:00,20.44,-23.53,31.168,735.84,-847.08,0.115498,-0.13385
364,2016/01/16 04:00,21.78,-24.01,32.417,784.08,-864.36,0.12307,-0.136705
365,2016/01/16 05:00,18.92,-21.2,28.415,681.12,-763.2,0.106909,-0.120481
366,2016/01/16 06:00,13.92,-16.06,21.253,501.12,-578.16,0.078656,-0.09103
367,2016/01/16 07:00,6.26,-8.83,10.824,225.36,-317.88,0.035373,-0.049926
368,2016/01/16 08:00,-6.31,1.2,6.423,-227.16,43.2,-0.035655,0.006785
369,2016/01/16 09:00,-17.79,14.25,22.794,-640.44,513.0,-0.100524,0.08093
370,2016/01/16 10:00,-23.67,20.56,31.353,-852.12,740.16,-0.13375,0.117223
371,2016/01/16 11:00,-22.96,20.17,30.561,-826.56,726.12,-0.129738,0.114939
372,2016/01/16 12:00,-16.23,14.81,21.972,-584.28,533.16,-0.091709,0.084039
373,2016/01/16 13:00,-4.59,5.78,7.381,-165.24,208.08,-0.025936,0.032671
374,2016/01/16 14:00,12.9,-8.78,15.604,464.4,-316.08,0.072893,-0.049744
375,2016/01/16 15:00,18.36,-20.4,27.445,660.96,-734.4,0.103745,-0.115895
376,2016/01/16 16:00,20.27,-23.45,30.996,729.72,-844.2,0.114538,-0.133381
377,2016/01/16 17:00,19.41,-22.09,29.406,698.76,-795.24,0.109678,-0.125576
378,2016/01/16 18:00,16.55,-18.79,25.039,595.8,-676.44,0.093518,-0.106641
379,2016/01/16 19:00,10.69,-12.73,16.623,384.84,-458.28,0.060405,-0.072064
380,2016/01/16 20:00,0.95,-3.82,3.936,34.2,-137.52,0.005368,-0.021586
381,2016/01/16 21:00,-11.33,7.14,13.392,-407.88,257.04,-0.064021,0.040428
382,2016/01/16 22:00,-19.61,16.7,25.757,-705.96,601.2,-0.110808,0.094947
383,2016/01/16 23:00,-23.14,19.87,30.5,-833.04,715.32,-0.130755,0.113244
384,2016/01/17 00:00,-20.62,18.01,27.378,-742.32,648.36,-0.116515,0.102462
385,2016/01/17 01:00,-13.45,12.33,18.246,-484.2,443.88,-0.076001,0.069874
386,2016/01/17 02:00,-0.57,2.06,2.137,-20.52,74.16,-0.003221,0.01164
387,2016/01/17 03:00,13.96,-12.07,18.454,502.56,-434.52,0.078882,-0.068416
388,2016/01/17 04:00,17.2,-19.92,26.318,619.2,-717.12,0.09719,-0.113094
389,2016/01/17 05:00,18.16,-21.28,27.975,653.76,-766.08,0.102615,-0.120881
390,2016/01/17 06:00,16.12,-19.05,24.955,580.32,-685.8,0.091088,-0.108092
391,2016/01/17 07:00,11.88,-14.47,18.722,427.68,-520.92,0.067129,-0.081949
392,2016/01/17 08:00,3.48,-7.02,7.835,125.28,-252.72,0.019664,-0.039675
393,2016/01/17 09:00,-9.39,3.51,10.025,-338.04,126.36,-0.053059,0.019862
394,2016/01/17 10:00,-18.89,15.41,24.378,-680.04,554.76,-0.10674,0.087574
395,2016/01/17 11:00,-23.42,20.24,30.954,-843.12,728.64,-0.132337,0.115377
396,2016/01/17 12:00,-22.22,19.23,29.386,-799.92,692.28,-0.125556,0.109523
397,2016/01/17 13:00,-17.04,14.92,22.649,-613.44,537.12,-0.096286,0.084699
398,2016/01/17 14:00,-7.02,6.72,9.718,-252.72,241.92,-0.039667,0.038002
399,2016/01/17 15:00,7.53,-4.89,8.978,271.08,-176.04,0.042549,-0.027656
400,2016/01/17 16:00,15.08,-16.12,22.074,542.88,-580.32,0.085211,-0.091419
401,2016/01/17 17:00,15.38,-19.0,24.445,553.68,-684.0,0.086906,-0.107768
402,2016/01/17 18:00,14.43,-18.27,23.281,519.48,-657.72,0.081538,-0.103581
403,2016/01/17 19:00,10.56,-14.55,17.978,380.16,-523.8,0.05967,-0.082363
404,2016/01/17 20:00,1.74,-7.06,7.271,62.64,-254.16,0.009832,-0.039895
405,2016/01/17 21:00,-13.71,6.59,15.212,-493.56,237.24,-0.07747,0.03735
406,2016/01/17 22:00,-25.46,19.48,32.057,-916.56,701.28,-0.143864,0.111223
407,2016/01/17 23:00,-30.64,23.75,38.767,-1103.04,855.0,-0.173135,0.136239
408,2016/01/18 00:00,-30.76,24.09,39.071,-1107.36,867.24,-0.173813,0.138205
409,2016/01/18 01:00,-27.25,21.17,34.507,-981.0,762.12,-0.153979,0.121056
410,2016/01/18 02:00,-24.66,18.7,30.948,-887.76,673.2,-0.139344,0.106701
411,2016/01/18 03:00,-17.02,12.92,21.368,-612.72,465.12,-0.096173,0.073345
412,2016/01/18 04:00,-5.75,4.24,7.144,-207.0,152.64,-0.032491,0.023971
413,2016/01/18 05:00,12.97,-12.25,17.84,466.92,-441.0,0.073288,-0.069406
414,2016/01/18 06:00,16.95,-20.59,26.669,610.2,-741.24,0.095778,-0.116882
415,2016/01/18 07:00,16.47,-19.05,25.183,592.92,-685.8,0.093065,-0.108112
416,2016/01/18 08:00,13.85,-15.46,20.757,498.6,-556.56,0.078261,-0.087627
417,2016/01/18 09:00,9.76,-10.51,14.343,351.36,-378.36,0.05515,-0.059478
418,2016/01/18 10:00,2.61,-4.5,5.202,93.96,-162.0,0.014748,-0.02543
419,2016/01/18 11:00,-4.07,1.77,4.438,-146.52,63.72,-0.022998,0.010004
420,2016/01/18 12:00,-6.8,7.55,10.161,-244.8,271.8,-0.038424,0.042694
421,2016/01/18 13:00,-2.89,7.33,7.879,-104.04,263.88,-0.01633,0.041424
422,2016/01/18 14:00,7.08,-0.2,7.083,254.88,-7.2,0.040006,-0.001131
423,2016/01/18 15:00,15.81,-12.05,19.879,569.16,-433.8,0.089336,-0.068362
424,2016/01/18 16:00,20.16,-21.77,29.671,725.76,-783.72,0.113916,-0.123816
425,2016/01/18 17:00,22.51,-22.77,32.018,810.36,-819.72,0.127195,-0.129712
426,2016/01/18 18:00,23.4,-23.43,33.114,842.4,-843.48,0.132224,-0.133559
427,2016/01/18 19:00,22.55,-21.89,31.427,811.8,-788.04,0.127421,-0.124703
428,2016/01/18 20:00,23.48,-22.32,32.396,845.28,-803.52,0.132676,-0.12724
429,2016/01/18 21:00,20.85,-19.41,28.486,750.6,-698.76,0.117815,-0.110444
430,2016/01/18 22:00,17.47,-15.53,23.375,628.92,-559.08,0.098716,-0.088183
431,2016/01/18 23:00,13.08,-11.31,17.292,470.88,-407.16,0.07391,-0.064083
432,2016/01/19 00:00,9.0,-8.75,12.552,324.0,-315.0,0.050855,-0.049507
433,2016/01/19 01:00,4.35,-6.11,7.5,156.6,-219.96,0.02458,-0.034536
434,2016/01/19 02:00,4.3,-5.17,6.724,154.8,-186.12,0.024298,-0.029222
435,2016/01/19 03:00,10.44,-8.32,13.35,375.84,-299.52,0.058992,-0.047095
436,2016/01/19 04:00,17.4,-16.48,23.966,626.4,-593.28,0.098321,-0.093574
437,2016/01/19 05:00,19.85,-20.75,28.716,714.6,-747.0,0.112164,-0.117991
438,2016/01/19 06:00,21.32,-21.29,30.13,767.52,-766.44,0.120471,-0.12118
439,2016/01/19 07:00,21.29,-21.65,30.364,766.44,-779.4,0.120301,-0.123226
440,2016/01/19 08:00,21.4,-21.52,30.349,770.4,-774.72,0.120923,-0.122496
441,2016/01/19 09:00,21.45,-21.21,30.166,772.2,-763.56,0.121205,-0.120735
442,2016/01/19 10:00,19.9,-19.33,27.743,716.4,-695.88,0.112447,-0.10992
443,2016/01/19 11:00,16.51,-15.64,22.742,594.36,-563.04,0.093291,-0.088761
444,2016/01/19 12:00,11.85,-11.12,16.25,426.6,-400.32,0.06696,-0.062976
445,2016/01/19 13:00,7.37,-7.28,10.359,265.32,-262.08,0.041645,-0.041172
446,2016/01/19 14:00,3.68,-4.46,5.782,132.48,-160.56,0.020794,-0.025207
447,2016/01/19 15:00,4.02,-4.78,6.246,144.72,-172.08,0.022715,-0.027017
448,2016/01/19 16:00,9.96,-10.71,14.626,358.56,-385.56,0.05628,-0.060614
449,2016/01/19 17:00,15.63,-16.01,22.374,562.68,-576.36,0.088319,-0.09082
450,2016/01/19 18:00,18.82,-18.93,26.693,677.52,-681.48,0.106344,-0.107574
451,2016/01/19 19:00,21.6,-21.84,30.717,777.6,-786.24,0.122053,-0.124334
452,2016/01/19 20:00,23.23,-23.14,32.789,836.28,-833.04,0.131264,-0.13189
453,2016/01/19 21:00,22.34,-22.63,31.799,804.24,-814.68,0.126235,-0.128899
454,2016/01/19 22:00,20.2,-19.94,28.384,727.2,-717.84,0.114142,-0.113411
455,2016/01/19 23:00,17.2,-16.2,23.628,619.2,-583.2,0.09719,-0.091974
456,2016/01/20 00:00,11.81,-10.67,15.916,425.16,-384.12,0.066734,-0.060426
457,2016/01/20 01:00,6.5,-6.56,9.235,234.0,-236.16,0.036729,-0.037093
458,2016/01/20 02:00,1.41,-0.91,1.678,50.76,-32.76,0.007967,-0.005142
459,2016/01/20 03:00,-0.33,2.26,2.284,-11.88,81.36,-0.001865,0.01277
460,2016/01/20 04:00,6.54,0.3,6.547,235.44,10.8,0.036955,0.001696
461,2016/01/20 05:00,17.09,-10.38,19.995,615.24,-373.68,0.096569,-0.058928
462,2016/01/20 06:00,20.48,-19.89,28.549,737.28,-716.04,0.115724,-0.113147
463,2016/01/20 07:00,22.07,-22.03,31.183,794.52,-793.08,0.124709,-0.125457
464,2016/01/20 08:00,22.16,-22.35,31.474,797.76,-804.6,0.125217,-0.127288
465,2016/01/20 09:00,21.32,-21.86,30.535,767.52,-786.96,0.120471,-0.124424
466,2016/01/20 10:00,19.44,-20.18,28.02,699.84,-726.48,0.109848,-0.114721
467,2016/01/20 11:00,16.68,-17.85,24.43,600.48,-642.6,0.094252,-0.101313
468,2016/01/20 12:00,11.92,-13.09,17.704,429.12,-471.24,0.067355,-0.074135
469,2016/01/20 13:00,5.0,-7.32,8.865,180.0,-263.52,0.028253,-0.041379
470,2016/01/20 14:00,-3.01,-1.4,3.32,-108.36,-50.4,-0.017008,-0.007912
471,2016/01/20 15:00,-8.8,5.55,10.404,-316.8,199.8,-0.049725,0.0314
472,2016/01/20 16:00,-9.64,9.67,13.654,-347.04,348.12,-0.054472,0.054723
473,2016/01/20 17:00,-5.62,7.82,9.63,-202.32,281.52,-0.031756,0.04421
474,2016/01/20 18:00,4.63,-0.49,4.656,166.68,-17.64,0.026162,-0.00277
475,2016/01/20 19:00,13.8,-13.69,19.439,496.8,-492.84,0.077978,-0.077593
476,2016/01/20 20:00,18.01,-19.98,26.899,648.36,-719.28,0.101767,-0.113486
477,2016/01/20 21:00,20.16,-21.38,29.386,725.76,-769.68,0.113916,-0.121598
478,2016/01/20 22:00,19.07,-20.22,27.794,686.52,-727.92,0.107757,-0.114922
479,2016/01/20 23:00,15.44,-16.57,22.649,555.84,-596.52,0.087245,-0.093988
480,2016/01/21 00:00,10.4,-11.49,15.498,374.4,-413.64,0.058766,-0.065038
481,2016/01/21 01:00,2.23,-4.69,5.193,80.28,-168.84,0.012601,-0.026503
482,2016/01/21 02:00,-9.46,4.64,10.537,-340.56,167.04,-0.053455,0.026256
483,2016/01/21 03:00,-19.0,16.1,24.904,-684.0,579.6,-0.107361,0.091502
484,2016/01/21 04:00,-21.52,19.29,28.9,-774.72,694.44,-0.121601,0.109811
485,2016/01/21 05:00,-17.71,16.65,24.308,-637.56,599.4,-0.100072,0.094556
486,2016/01/21 06:00,-7.85,9.03,11.965,-282.6,325.08,-0.044357,0.051075
487,2016/01/21 07:00,6.96,-2.39,7.359,250.56,-86.04,0.039328,-0.013515
488,2016/01/21 08:00,16.09,-16.71,23.197,579.24,-601.56,0.090918,-0.094813
489,2016/01/21 09:00,18.08,-21.82,28.337,650.88,-785.52,0.102163,-0.123942
490,2016/01/21 10:00,20.06,-22.93,30.466,722.16,-825.48,0.113351,-0.130405
491,2016/01/21 11:00,18.36,-20.89,27.812,660.96,-752.04,0.103745,-0.118679
492,2016/01/21 12:00,14.95,-17.2,22.789,538.2,-619.2,0.084477,-0.097538
493,2016/01/21 13:00,8.46,-10.74,13.672,304.56,-386.64,0.047804,-0.060757
494,2016/01/21 14:00,-1.06,-2.06,2.317,-38.16,-74.16,-0.00599,-0.01164
495,2016/01/21 15:00,-11.55,8.17,14.147,-415.8,294.12,-0.065264,0.046264
496,2016/01/21 16:00,-18.1,16.5,24.492,-651.6,594.0,-0.102276,0.093725
497,2016/01/21 17:00,-19.35,17.96,26.4,-696.6,646.56,-0.109339,0.102095
498,2016/01/21 18:00,-14.59,14.1,20.29,-525.24,507.6,-0.082442,0.079945
499,2016/01/21 19:00,-3.33,4.78,5.826,-119.88,172.08,-0.018817,0.027015
500,2016/01/21 20:00,12.95,-10.29,16.54,466.2,-370.44,0.073175,-0.058301
501,2016/01/21 21:00,18.74,-20.79,27.989,674.64,-748.44,0.105892,-0.118138
502,2016/01/21 22:00,21.29,-23.34,31.591,766.44,-840.24,0.120301,-0.132845
503,2016/01/21 23:00,20.05,-21.9,29.692,721.8,-788.4,0.113295,-0.124547
504,2016/01/22 00:00,15.59,-17.26,23.258,561.24,-621.36,0.088093,-0.097909
505,2016/01/22 01:00,9.88,-11.18,14.92,355.68,-402.48,0.055828,-0.063272
506,2016/01/22 02:00,0.64,-3.2,3.263,23.04,-115.2,0.003616,-0.018082
507,2016/01/22 03:00,-11.7,7.8,14.062,-421.2,280.8,-0.066112,0.044171
508,2016/01/22 04:00,-19.84,17.88,26.708,-714.24,643.68,-0.112108,0.101671
509,2016/01/22 05:00,-21.0,19.65,28.76,-756.0,707.4,-0.118663,0.111821
510,2016/01/22 06:00,-16.77,16.35,23.421,-603.72,588.6,-0.094761,0.092804
511,2016/01/22 07:00,-6.9,8.65,11.065,-248.4,311.4,-0.038989,0.048915
512,2016/01/22 08:00,7.03,-2.63,7.506,253.08,-94.68,0.039724,-0.014873
513,2016/01/22 09:00,15.23,-16.83,22.698,548.28,-605.88,0.086059,-0.095453
514,2016/01/22 10:00,17.96,-22.41,28.719,646.56,-806.76,0.101485,-0.127285
515,2016/01/22 11:00,20.51,-24.2,31.722,738.36,-871.2,0.115894,-0.137668
516,2016/01/22 12:00,19.13,-21.97,29.131,688.68,-790.92,0.108096,-0.124873
517,2016/01/22 13:00,15.53,-18.15,23.887,559.08,-653.4,0.087754,-0.102955
518,2016/01/22 14:00,7.11,-9.98,12.254,255.96,-359.28,0.040176,-0.056439
519,2016/01/22 15:00,-4.91,0.42,4.928,-176.76,15.12,-0.027744,0.002374
520,2016/01/22 16:00,-16.73,13.2,21.31,-602.28,475.2,-0.094535,0.074923
521,2016/01/22 17:00,-22.13,19.62,29.575,-796.68,706.32,-0.125048,0.111737
522,2016/01/22 18:00,-22.21,19.89,29.814,-799.56,716.04,-0.1255,0.113281
523,2016/01/22 19:00,-16.25,14.53,21.799,-585.0,523.08,-0.091822,0.082451
524,2016/01/22 20:00,-5.15,5.14,7.276,-185.4,185.04,-0.029101,0.029056
525,2016/01/22 21:00,10.73,-9.27,14.18,386.28,-333.72,0.060631,-0.052478
526,2016/01/22 22:00,17.89,-20.91,27.519,644.04,-752.76,0.101089,-0.11876
527,2016/01/22 23:00,21.15,-24.42,32.306,761.4,-879.12,0.11951,-0.138979
528,2016/01/23 00:00,19.84,-22.71,30.156,714.24,-817.56,0.112108,-0.129136
529,2016/01/23 01:00,13.93,-16.73,21.77,501.48,-602.28,0.078713,-0.094828
530,2016/01/23 02:00,5.42,-8.64,10.199,195.12,-311.04,0.030626,-0.048844
531,2016/01/23 03:00,-8.86,3.07,9.377,-318.96,110.52,-0.050064,0.017369
532,2016/01/23 04:00,-22.66,17.54,28.655,-815.76,631.44,-0.128043,0.09993
533,2016/01/23 05:00,-28.79,23.58,37.214,-1036.44,848.88,-0.162681,0.135024
534,2016/01/23 06:00,-27.68,23.49,36.304,-996.48,845.64,-0.156409,0.134373
535,2016/01/23 07:00,-21.54,18.92,28.669,-775.44,681.12,-0.121714,0.107706
536,2016/01/23 08:00,-11.87,11.49,16.52,-427.32,413.64,-0.067073,0.065072
537,2016/01/23 09:00,5.52,-1.3,5.671,198.72,-46.8,0.031191,-0.007349
538,2016/01/23 10:00,17.78,-17.24,24.766,640.08,-620.64,0.100468,-0.09791
539,2016/01/23 11:00,19.93,-23.52,30.828,717.48,-846.72,0.112617,-0.133749
540,2016/01/23 12:00,21.87,-24.73,33.013,787.32,-890.28,0.123579,-0.140813
541,2016/01/23 13:00,19.92,-22.1,29.753,717.12,-795.6,0.11256,-0.125674
542,2016/01/23 14:00,15.84,-17.55,23.641,570.24,-631.8,0.089506,-0.099567
543,2016/01/23 15:00,7.18,-9.58,11.972,258.48,-344.88,0.040571,-0.054177
544,2016/01/23 16:00,-4.98,-0.53,5.008,-179.28,-19.08,-0.02814,-0.002996
545,2016/01/23 17:00,-14.82,11.47,18.74,-533.52,412.92,-0.083742,0.06504
546,2016/01/23 18:00,-18.75,18.12,26.075,-675.0,652.32,-0.105949,0.102966
547,2016/01/23 19:00,-17.16,17.09,24.218,-617.76,615.24,-0.096964,0.097025
548,2016/01/23 20:00,-8.49,10.09,13.187,-305.64,363.24,-0.047974,0.05708
549,2016/01/23 21:00,8.06,-3.52,8.795,290.16,-126.72,0.045544,-0.019911
550,2016/01/23 22:00,19.49,-20.97,28.629,701.64,-754.92,0.11013,-0.119215
551,2016/01/23 23:00,24.83,-26.89,36.601,893.88,-968.04,0.140305,-0.153453
552,2016/01/24 00:00,25.84,-27.31,37.597,930.24,-983.16,0.146012,-0.155978
553,2016/01/24 01:00,22.4,-24.01,32.837,806.4,-864.36,0.126574,-0.136765
554,2016/01/24 02:00,18.04,-19.1,26.273,649.44,-687.6,0.101937,-0.10849
555,2016/01/24 03:00,11.29,-12.91,17.15,406.44,-464.76,0.063795,-0.073098
556,2016/01/24 04:00,0.4,-5.71,5.724,14.4,-205.56,0.00226,-0.032265
557,2016/01/24 05:00,-9.64,4.08,10.468,-347.04,146.88,-0.054472,0.023089
558,2016/01/24 06:00,-12.62,14.32,19.087,-454.32,515.52,-0.071311,0.081123
559,2016/01/24 07:00,-12.56,16.04,20.372,-452.16,577.44,-0.070972,0.090864
560,2016/01/24 08:00,-4.32,9.84,10.747,-155.52,354.24,-0.024411,0.055619
561,2016/01/24 09:00,8.02,-1.36,8.134,288.72,-48.96,0.045318,-0.007693
562,2016/01/24 10:00,16.48,-17.07,23.727,593.28,-614.52,0.093122,-0.096876
563,2016/01/24 11:00,21.41,-25.16,33.037,770.76,-905.76,0.120979,-0.143216
564,2016/01/24 12:00,24.52,-26.94,36.428,882.72,-969.84,0.138553,-0.1537
565,2016/01/24 13:00,23.6,-25.89,35.032,849.6,-932.04,0.133354,-0.147605
566,2016/01/24 14:00,22.16,-23.94,32.622,797.76,-861.84,0.125217,-0.136343
567,2016/01/24 15:00,17.19,-18.64,25.356,618.84,-671.04,0.097134,-0.105826
568,2016/01/24 16:00,8.98,-10.89,14.115,323.28,-392.04,0.050742,-0.061614
569,2016/01/24 17:00,-0.82,-3.67,3.76,-29.52,-132.12,-0.004633,-0.020738
570,2016/01/24 18:00,-10.83,6.99,12.89,-389.88,251.64,-0.061196,0.039572
571,2016/01/24 19:00,-13.43,15.0,20.134,-483.48,540.0,-0.075888,0.085004
572,2016/01/24 20:00,-9.39,12.99,16.028,-338.04,467.64,-0.053059,0.073505
573,2016/01/24 21:00,5.14,1.4,5.327,185.04,50.4,0.029044,0.007914
574,2016/01/24 22:00,19.77,-19.0,27.42,711.72,-684.0,0.111712,-0.108035
575,2016/01/24 23:00,26.03,-27.36,37.764,937.08,-984.96,0.147085,-0.156288
576,2016/01/25 00:00,29.29,-29.44,41.529,1054.44,-1059.84,0.165506,-0.168658
577,2016/01/25 01:00,27.25,-27.69,38.85,981.0,-996.84,0.153979,-0.158339
578,2016/01/25 02:00,23.49,-23.89,33.504,845.64,-860.04,0.132733,-0.136191
579,2016/01/25 03:00,19.09,-18.29,26.438,687.24,-658.44,0.10787,-0.103954
580,2016/01/25 04:00,10.37,-10.57,14.807,373.32,-380.52,0.058597,-0.05983
581,2016/01/25 05:00,-2.03,-1.82,2.726,-73.08,-65.52,-0.011471,-0.010285
582,2016/01/25 06:00,-14.8,12.48,19.36,-532.8,449.28,-0.083629,0.070767
583,2016/01/25 07:00,-18.44,19.34,26.722,-663.84,696.24,-0.104197,0.109879
584,2016/01/25 08:00,-15.43,17.35,23.219,-555.48,624.6,-0.087189,0.098412
585,2016/01/25 09:00,-4.23,8.82,9.782,-152.28,317.52,-0.023902,0.049853
586,2016/01/25 10:00,12.95,-6.02,14.281,466.2,-216.72,0.073175,-0.034108
587,2016/01/25 11:00,21.52,-22.79,31.345,774.72,-820.44,0.121601,-0.129735
588,2016/01/25 12:00,23.82,-26.41,35.565,857.52,-950.76,0.134597,-0.150595
589,2016/01/25 13:00,24.93,-27.11,36.83,897.48,-975.96,0.14087,-0.154721
590,2016/01/25 14:00,22.63,-24.54,33.382,814.68,-883.44,0.127873,-0.139807
591,2016/01/25 15:00,19.36,-20.67,28.321,696.96,-744.12,0.109396,-0.1175
592,2016/01/25 16:00,11.22,-12.45,16.76,403.92,-448.2,0.0634,-0.070492
593,2016/01/25 17:00,-1.25,-1.86,2.241,-45.0,-66.96,-0.007063,-0.01051
594,2016/01/25 18:00,-13.9,10.92,17.676,-500.4,393.12,-0.078543,0.061895
595,2016/01/25 19:00,-20.78,19.35,28.394,-748.08,696.6,-0.11742,0.110097
596,2016/01/25 20:00,-20.88,19.68,28.693,-751.68,708.48,-0.117985,0.111982
597,2016/01/25 21:00,-13.44,13.62,19.135,-483.84,490.32,-0.075944,0.077184
598,2016/01/25 22:00,3.62,0.3,3.632,130.32,10.8,0.020455,0.001696
599,2016/01/25 23:00,19.26,-18.97,27.033,693.36,-682.92,0.108831,-0.10783
600,2016/01/26 00:00,24.13,-26.73,36.01,868.68,-962.28,0.136349,-0.152456
601,2016/01/26 01:00,25.85,-27.65,37.852,930.6,-995.4,0.146068,-0.157921
602,2016/01/26 02:00,22.83,-24.86,33.752,821.88,-894.96,0.129003,-0.141651
603,2016/01/26 03:00,17.66,-19.14,26.043,635.76,-689.04,0.09979,-0.108693
604,2016/01/26 04:00,9.87,-11.34,15.034,355.32,-408.24,0.055771,-0.064178
605,2016/01/26 05:00,-4.12,-0.21,4.125,-148.32,-7.56,-0.02328,-0.001187
606,2016/01/26 06:00,-19.65,15.19,24.837,-707.4,546.84,-0.111034,0.086365
607,2016/01/26 07:00,-27.36,23.22,35.885,-984.96,835.92,-0.154601,0.132791
608,2016/01/26 08:00,-26.98,23.34,35.675,-971.28,840.24,-0.152453,0.133433
609,2016/01/26 09:00,-19.67,17.92,26.609,-708.12,645.12,-0.111147,0.101888
610,2016/01/26 10:00,-7.85,9.1,12.018,-282.6,327.6,-0.044357,0.051471
611,2016/01/26 11:00,13.72,-7.44,15.607,493.92,-267.84,0.077526,-0.042167
612,2016/01/26 12:00,22.44,-23.72,32.653,807.84,-853.92,0.1268,-0.135117
613,2016/01/26 13:00,25.86,-27.41,37.684,930.96,-986.76,0.146125,-0.156551
614,2016/01/26 14:00,25.05,-26.21,36.256,901.8,-943.56,0.141548,-0.149599
615,2016/01/26 15:00,22.62,-23.3,32.474,814.32,-838.8,0.127817,-0.132742
616,2016/01/26 16:00,17.37,-17.34,24.544,625.32,-624.24,0.098151,-0.098455
617,2016/01/26 17:00,7.5,-7.76,10.792,270.0,-279.36,0.04238,-0.043888
618,2016/01/26 18:00,-4.74,2.58,5.397,-170.64,92.88,-0.026784,0.014584
619,2016/01/26 19:00,-14.38,14.04,20.097,-517.68,505.44,-0.081256,0.079597
620,2016/01/26 20:00,-17.41,18.17,25.165,-626.76,654.12,-0.098377,0.10317
621,2016/01/26 21:00,-14.99,16.4,22.218,-539.64,590.4,-0.084703,0.093003
622,2016/01/26 22:00,-3.53,7.39,8.19,-127.08,266.04,-0.019947,0.041766
623,2016/01/26 23:00,17.33,-12.48,21.356,623.88,-449.28,0.097925,-0.070859
624,2016/01/27 00:00,24.33,-26.2,35.755,875.88,-943.2,0.137479,-0.149456
625,2016/01/27 01:00,27.69,-28.67,39.859,996.84,-1032.12,0.156465,-0.164006
626,2016/01/27 02:00,25.96,-26.93,37.405,934.56,-969.48,0.14669,-0.153823
627,2016/01/27 03:00,21.84,-22.89,31.638,786.24,-824.04,0.123409,-0.130334
628,2016/01/27 04:00,16.28,-16.55,23.215,586.08,-595.8,0.091992,-0.093915
629,2016/01/27 05:00,7.15,-7.98,10.715,257.4,-287.28,0.040402,-0.045129
630,2016/01/27 06:00,-5.63,2.34,6.097,-202.68,84.24,-0.031813,0.013229
631,2016/01/27 07:00,-16.85,15.53,22.915,-606.6,559.08,-0.095213,0.088153
632,2016/01/27 08:00,-21.42,20.69,29.781,-771.12,744.84,-0.121036,0.117773
633,2016/01/27 09:00,-19.5,19.35,27.471,-702.0,696.6,-0.110187,0.110006
634,2016/01/27 10:00,-7.83,10.82,13.356,-281.88,389.52,-0.044244,0.061199
635,2016/01/27 11:00,11.07,-3.58,11.634,398.52,-128.88,0.062552,-0.020269
636,2016/01/27 12:00,20.82,-20.71,29.366,749.52,-745.56,0.117646,-0.117839
637,2016/01/27 13:00,22.87,-25.56,34.298,823.32,-920.16,0.129229,-0.145644
638,2016/01/27 14:00,24.71,-26.77,36.431,889.56,-963.72,0.139626,-0.152753
639,2016/01/27 15:00,21.94,-23.92,32.458,789.84,-861.12,0.123974,-0.136208
640,2016/01/27 16:00,17.86,-19.46,26.413,642.96,-700.56,0.10092,-0.110523
641,2016/01/27 17:00,9.79,-11.22,14.891,352.44,-403.92,0.055319,-0.063497
642,2016/01/27 18:00,-2.75,-0.31,2.767,-99.0,-11.16,-0.015539,-0.001752
643,2016/01/27 19:00,-14.83,12.2,19.203,-533.88,439.2,-0.083798,0.06918
644,2016/01/27 20:00,-21.83,19.87,29.519,-785.88,715.32,-0.123353,0.113137
645,2016/01/27 21:00,-22.66,20.63,30.644,-815.76,742.68,-0.128043,0.117534
646,2016/01/27 22:00,-16.06,15.18,22.099,-578.16,546.48,-0.090749,0.086131
647,2016/01/27 23:00,-1.73,3.97,4.331,-62.28,142.92,-0.009776,0.022434
648,2016/01/28 00:00,16.82,-14.04,21.91,605.52,-505.44,0.095043,-0.079694
649,2016/01/28 01:00,21.58,-24.34,32.529,776.88,-876.24,0.12194,-0.138565
650,2016/01/28 02:00,23.82,-26.04,35.291,857.52,-937.44,0.134597,-0.148485
651,2016/01/28 03:00,21.06,-23.33,31.429,758.16,-839.88,0.119002,-0.132768
652,2016/01/28 04:00,16.04,-18.0,24.11,577.44,-648.0,0.090636,-0.10213
653,2016/01/28 05:00,8.22,-10.23,13.123,295.92,-368.28,0.046448,-0.057868
654,2016/01/28 06:00,-5.59,0.99,5.677,-201.24,35.64,-0.031587,0.005597
655,2016/01/28 07:00,-19.84,15.58,25.226,-714.24,560.88,-0.112108,0.088593
656,2016/01/28 08:00,-27.06,22.79,35.378,-974.16,820.44,-0.152905,0.130297
657,2016/01/28 09:00,-26.49,22.78,34.938,-953.64,820.08,-0.149685,0.130176
658,2016/01/28 10:00,-20.26,18.06,27.141,-729.36,650.16,-0.114481,0.102722
659,2016/01/28 11:00,-9.83,9.91,13.958,-353.88,356.76,-0.055545,0.056084
660,2016/01/28 12:00,8.86,-4.19,9.801,318.96,-150.84,0.050064,-0.023706
661,2016/01/28 13:00,19.42,-20.11,27.956,699.12,-723.96,0.109735,-0.114321
662,2016/01/28 14:00,21.26,-24.69,32.582,765.36,-888.84,0.120132,-0.140526
663,2016/01/28 15:00,21.61,-24.44,32.624,777.96,-879.84,0.12211,-0.139137
664,2016/01/28 16:00,18.69,-21.09,28.18,672.84,-759.24,0.10561,-0.119839
665,2016/01/28 17:00,12.29,-14.5,19.008,442.44,-522.0,0.069446,-0.082132
666,2016/01/28 18:00,0.98,-4.25,4.362,35.28,-153.0,0.005538,-0.024015
667,2016/01/28 19:00,-13.42,8.74,16.015,-483.12,314.64,-0.075831,0.049529
668,2016/01/28 20:00,-22.57,19.61,29.899,-812.52,705.96,-0.127534,0.111716
669,2016/01/28 21:00,-25.34,21.93,33.512,-912.24,789.48,-0.143186,0.125199
670,2016/01/28 22:00,-21.82,19.27,29.111,-785.52,693.72,-0.123296,0.10972
671,2016/01/28 23:00,-13.93,12.69,18.844,-501.48,456.84,-0.078713,0.071929
672,2016/01/29 00:00,0.14,1.54,1.546,5.04,55.44,0.000791,0.008702
673,2016/01/29 01:00,16.14,-14.4,21.63,581.04,-518.4,0.091201,-0.081708
674,2016/01/29 02:00,18.58,-21.38,28.325,668.88,-769.68,0.104988,-0.121479
675,2016/01/29 03:00,19.66,-22.65,29.992,707.76,-815.4,0.111091,-0.12878
676,2016/01/29 04:00,16.69,-19.48,25.652,600.84,-701.28,0.094309,-0.110565
677,2016/01/29 05:00,10.78,-13.46,17.245,388.08,-484.56,0.060914,-0.076198
678,2016/01/29 06:00,0.47,-4.52,4.544,16.92,-162.72,0.002656,-0.025541
679,2016/01/29 07:00,-13.86,7.97,15.988,-498.96,286.92,-0.078317,0.045174
680,2016/01/29 08:00,-23.29,19.39,30.305,-838.44,698.04,-0.131603,0.110521
681,2016/01/29 09:00,-25.99,22.21,34.187,-935.64,799.56,-0.146859,0.126866
682,2016/01/29 10:00,-22.72,19.88,30.19,-817.92,715.68,-0.128382,0.113266
683,2016/01/29 11:00,-14.78,13.4,19.95,-532.08,482.4,-0.083516,0.075983
684,2016/01/29 12:00,-1.09,2.77,2.977,-39.24,99.72,-0.006159,0.015652
685,2016/01/29 13:00,15.64,-13.64,20.752,563.04,-491.04,0.088375,-0.077376
686,2016/01/29 14:00,18.34,-22.18,28.78,660.24,-798.48,0.103632,-0.126006
687,2016/01/29 15:00,20.69,-24.15,31.801,744.84,-869.4,0.116911,-0.1374
688,2016/01/29 16:00,18.8,-21.47,28.538,676.8,-772.92,0.106231,-0.122006
689,2016/01/29 17:00,13.51,-16.25,21.133,486.36,-585.0,0.07634,-0.092091
690,2016/01/29 18:00,4.1,-7.69,8.715,147.6,-276.84,0.023167,-0.043465
691,2016/01/29 19:00,-10.17,4.14,10.98,-366.12,149.04,-0.057467,0.023432
692,2016/01/29 20:00,-20.42,16.48,26.241,-735.12,593.28,-0.115385,0.093745
693,2016/01/29 21:00,-24.5,20.64,32.035,-882.0,743.04,-0.13844,0.117755
694,2016/01/29 22:00,-23.06,19.75,30.362,-830.16,711.0,-0.130303,0.112554
695,2016/01/29 23:00,-17.77,15.54,23.606,-639.72,559.44,-0.100411,0.088255
696,2016/01/30 00:00,-6.71,6.4,9.273,-241.56,230.4,-0.037916,0.03619
697,2016/01/30 01:00,10.47,-8.45,13.454,376.92,-304.2,0.059162,-0.047831
698,2016/01/30 02:00,17.0,-19.89,26.165,612.0,-716.04,0.09606,-0.112911
699,2016/01/30 03:00,19.03,-22.75,29.66,685.08,-819.0,0.107531,-0.129298
700,2016/01/30 04:00,18.37,-21.38,28.188,661.32,-769.68,0.103802,-0.121464
701,2016/01/30 05:00,14.2,-16.97,22.127,511.2,-610.92,0.080239,-0.0962
702,2016/01/30 06:00,4.9,-9.14,10.371,176.4,-329.04,0.027688,-0.051666
703,2016/01/30 07:00,-9.44,1.83,9.616,-339.84,65.88,-0.053342,0.010355
704,2016/01/30 08:00,-20.05,15.24,25.185,-721.8,548.64,-0.113295,0.086671
705,2016/01/30 09:00,-25.48,21.07,33.063,-917.28,758.52,-0.143977,0.120303
706,2016/01/30 10:00,-24.64,20.78,32.233,-887.04,748.08,-0.139231,0.118567
707,2016/01/30 11:00,-19.74,16.98,26.038,-710.64,611.28,-0.111543,0.096547
708,2016/01/30 12:00,-10.83,9.82,14.619,-389.88,353.52,-0.061196,0.055593
709,2016/01/30 13:00,3.91,-1.43,4.163,140.76,-51.48,0.022094,-0.008082
710,2016/01/30 14:00,15.71,-15.38,21.985,565.56,-553.68,0.088771,-0.08725
711,2016/01/30 15:00,18.04,-21.27,27.89,649.44,-765.72,0.101937,-0.120816
712,2016/01/30 16:00,18.87,-21.69,28.749,679.32,-780.84,0.106627,-0.123262
713,2016/01/30 17:00,15.73,-18.2,24.056,566.28,-655.2,0.088884,-0.103249
714,2016/01/30 18:00,9.37,-11.75,15.029,337.32,-423.0,0.052946,-0.066488
715,2016/01/30 19:00,-1.52,-2.7,3.098,-54.72,-97.2,-0.008589,-0.015257
716,2016/01/30 20:00,-15.21,9.22,17.786,-547.56,331.92,-0.085946,0.052292
717,2016/01/30 21:00,-21.45,17.62,27.759,-772.2,634.32,-0.121205,0.100299
718,2016/01/30 22:00,-23.36,19.48,30.416,-840.96,701.28,-0.131998,0.11104
719,2016/01/30 23:00,-20.63,17.46,27.027,-742.68,628.56,-0.116572,0.099334
720,2016/01/31 00:00,-13.59,11.54,17.829,-489.24,415.44,-0.076792,0.065401
721,2016/01/31 01:00,-1.7,1.78,2.461,-61.2,64.08,-0.009606,0.010059
722,2016/01/31 02:00,11.99,-11.83,16.844,431.64,-425.88,0.067751,-0.067
723,2016/01/31 03:00,15.64,-18.95,24.571,563.04,-682.2,0.088375,-0.107498
724,2016/01/31 04:00,17.05,-20.15,26.396,613.8,-725.4,0.096343,-0.11439
725,2016/01/31 05:00,15.15,-17.85,23.412,545.4,-642.6,0.085607,-0.101234
726,2016/01/31 06:00,10.98,-13.26,17.216,395.28,-477.36,0.062044,-0.075071
727,2016/01/31 07:00,2.35,-5.64,6.11,84.6,-203.04,0.013279,-0.031872
728,2016/01/31 08:00,-10.2,5.0,11.36,-367.2,180.0,-0.057636,0.0283
729,2016/01/31 09:00,-17.92,15.06,23.408,-645.12,542.16,-0.101259,0.085536
730,2016/01/31 10:00,-21.29,18.55,28.238,-766.44,667.8,-0.120301,0.105582
731,2016/01/31 11:00,-19.45,17.45,26.131,-700.2,628.2,-0.109904,0.099202
732,2016/01/31 12:00,-12.71,12.03,17.5,-457.56,433.08,-0.071819,0.068152
733,2016/01/31 13:00,-0.5,2.36,2.412,-18.0,84.96,-0.002825,0.013335
734,2016/01/31 14:00,15.2,-12.26,19.528,547.2,-441.36,0.085889,-0.069533
735,2016/01/31 15:00,18.8,-20.2,27.595,676.8,-727.2,0.106231,-0.114789
736,2016/01/31 16:00,20.57,-21.99,30.111,740.52,-791.64,0.116233,-0.125101
737,2016/01/31 17:00,18.32,-19.75,26.939,659.52,-711.0,0.103519,-0.1122
738,2016/01/31 18:00,14.07,-15.35,20.823,506.52,-552.6,0.079504,-0.087012
739,2016/01/31 19:00,7.22,-8.77,11.36,259.92,-315.72,0.040797,-0.049597
740,2016/01/31 20:00,-1.65,-1.5,2.23,-59.4,-54.0,-0.009323,-0.008476
741,2016/01/31 21:00,-10.16,6.33,11.971,-365.76,227.88,-0.05741,0.035827
742,2016/01/31 22:00,-14.97,13.14,19.919,-538.92,473.04,-0.08459,0.074515
743,2016/01/31 23:00,-16.28,15.16,22.246,-586.08,545.76,-0.091992,0.086027
744,2016/02/01 00:00,-12.85,12.48,17.913,-462.6,449.28,-0.07261,0.070706
